{"v":"5.12.1","fr":60,"ip":0,"op":600,"w":603,"h":586,"nm":"AcrobatLoader LOTTIE 2","ddd":0,"assets":[{"id":"comp_0","nm":"LeftMatte","fr":60,"layers":[{"ddd":0,"ind":1,"ty":4,"nm":"Shape Layer 3","sr":1,"ks":{"o":{"a":0,"k":100,"ix":11},"r":{"a":0,"k":0,"ix":10},"p":{"a":0,"k":[400,400,0],"ix":2,"l":2},"a":{"a":0,"k":[0,0,0],"ix":1,"l":2},"s":{"a":0,"k":[100,100,100],"ix":6,"l":2}},"ao":0,"shapes":[{"ty":"gr","it":[{"ind":0,"ty":"sh","ix":1,"ks":{"a":0,"k":{"i":[[-12,4],[8,84],[0,-94],[85.161,-60.531],[3.89,-13.226],[-3.631,-5.628],[-12.205,-0.221],[-22.759,20.351],[-44.574,102.025],[28.145,29.349],[19.75,-1.375]],"o":[[12,-4],[-8,-84],[0,69.164],[-15.383,10.934],[-3.632,12.35],[5,7.75],[17.524,0.316],[41.418,-37.035],[73.184,-167.51],[-3.312,-3.454],[-11.764,0.819]],"v":[[-545.75,591.5],[-252,-90],[-340,-158],[-255.252,193.856],[-283.553,232.837],[-282,261.25],[-253.49,275.692],[-190.784,245.301],[-60,32],[-2.813,-263.671],[-35.625,-278.5]],"c":false},"ix":2},"nm":"Path 1","mn":"ADBE Vector Shape - Group","hd":false},{"ty":"tm","s":{"a":0,"k":87.9,"ix":1},"e":{"a":0,"k":88,"ix":2},"o":{"a":1,"k":[{"i":{"x":[0.667],"y":[0.78]},"o":{"x":[0.333],"y":[0.219]},"t":0,"s":[47.4]},{"i":{"x":[0.667],"y":[0.886]},"o":{"x":[0.333],"y":[0.114]},"t":89,"s":[189.4]},{"i":{"x":[0.667],"y":[0.828]},"o":{"x":[0.333],"y":[0.172]},"t":186,"s":[487.4]},{"i":{"x":[0.667],"y":[0.875]},"o":{"x":[0.333],"y":[0.124]},"t":289,"s":[697.4]},{"i":{"x":[0.667],"y":[0.807]},"o":{"x":[0.333],"y":[0.192]},"t":383,"s":[962.4]},{"i":{"x":[0.667],"y":[0.882]},"o":{"x":[0.333],"y":[0.118]},"t":484,"s":[1146.4]},{"t":599,"s":[1487.4]}],"ix":3},"m":1,"ix":2,"nm":"Trim Paths 1","mn":"ADBE Vector Filter - Trim","hd":false},{"ty":"st","c":{"a":0,"k":[0,0.980882287025,1,1],"ix":3},"o":{"a":0,"k":100,"ix":4},"w":{"a":1,"k":[{"i":{"x":[0.833],"y":[0.833]},"o":{"x":[0.167],"y":[0.167]},"t":0,"s":[31.5]},{"i":{"x":[0.833],"y":[0.833]},"o":{"x":[0.167],"y":[0.167]},"t":21,"s":[37]},{"i":{"x":[0.833],"y":[0.833]},"o":{"x":[0.167],"y":[0.167]},"t":37,"s":[40]},{"i":{"x":[0.833],"y":[0.833]},"o":{"x":[0.167],"y":[0.167]},"t":60,"s":[31.1]},{"i":{"x":[0.833],"y":[0.833]},"o":{"x":[0.167],"y":[0.167]},"t":67,"s":[67.5]},{"i":{"x":[0.833],"y":[0.833]},"o":{"x":[0.167],"y":[0.167]},"t":75,"s":[51.8]},{"i":{"x":[0.833],"y":[0.833]},"o":{"x":[0.167],"y":[0.167]},"t":79,"s":[33.7]},{"i":{"x":[0.833],"y":[0.833]},"o":{"x":[0.167],"y":[0.167]},"t":107,"s":[38.6]},{"i":{"x":[0.833],"y":[0.833]},"o":{"x":[0.167],"y":[0.167]},"t":122,"s":[35.2]},{"i":{"x":[0.833],"y":[0.833]},"o":{"x":[0.167],"y":[0.167]},"t":131,"s":[64]},{"i":{"x":[0.833],"y":[0.833]},"o":{"x":[0.167],"y":[0.167]},"t":140,"s":[63.3]},{"i":{"x":[0.833],"y":[0.833]},"o":{"x":[0.167],"y":[0.167]},"t":149,"s":[48]},{"i":{"x":[0.833],"y":[0.833]},"o":{"x":[0.167],"y":[0.167]},"t":152,"s":[36.9]},{"i":{"x":[0.833],"y":[0.833]},"o":{"x":[0.167],"y":[0.167]},"t":159,"s":[33.4]},{"i":{"x":[0.833],"y":[0.833]},"o":{"x":[0.167],"y":[0.167]},"t":173,"s":[43.9]},{"i":{"x":[0.833],"y":[0.833]},"o":{"x":[0.167],"y":[0.167]},"t":194,"s":[32.5]},{"i":{"x":[0.833],"y":[0.833]},"o":{"x":[0.167],"y":[0.167]},"t":205,"s":[61.8]},{"i":{"x":[0.833],"y":[0.833]},"o":{"x":[0.167],"y":[0.167]},"t":213,"s":[45.6]},{"i":{"x":[0.833],"y":[0.833]},"o":{"x":[0.167],"y":[0.167]},"t":216,"s":[31]},{"i":{"x":[0.833],"y":[0.833]},"o":{"x":[0.167],"y":[0.167]},"t":235,"s":[41.5]},{"i":{"x":[0.833],"y":[0.833]},"o":{"x":[0.167],"y":[0.167]},"t":249,"s":[34.8]},{"i":{"x":[0.833],"y":[0.833]},"o":{"x":[0.167],"y":[0.167]},"t":256,"s":[40.7]},{"i":{"x":[0.833],"y":[0.833]},"o":{"x":[0.167],"y":[0.167]},"t":265,"s":[49.6]},{"i":{"x":[0.833],"y":[0.833]},"o":{"x":[0.167],"y":[0.167]},"t":295,"s":[64]},{"i":{"x":[0.833],"y":[0.833]},"o":{"x":[0.167],"y":[0.167]},"t":312,"s":[48]},{"i":{"x":[0.833],"y":[0.833]},"o":{"x":[0.167],"y":[0.167]},"t":316,"s":[32.3]},{"i":{"x":[0.833],"y":[0.833]},"o":{"x":[0.167],"y":[0.167]},"t":325,"s":[37.7]},{"i":{"x":[0.833],"y":[0.833]},"o":{"x":[0.167],"y":[0.167]},"t":347,"s":[37.7]},{"i":{"x":[0.833],"y":[0.833]},"o":{"x":[0.167],"y":[0.167]},"t":351,"s":[60.7]},{"i":{"x":[0.833],"y":[0.833]},"o":{"x":[0.167],"y":[0.167]},"t":355,"s":[37.7]},{"i":{"x":[0.833],"y":[0.833]},"o":{"x":[0.167],"y":[0.167]},"t":368,"s":[37.979]},{"i":{"x":[0.833],"y":[0.833]},"o":{"x":[0.167],"y":[0.167]},"t":397,"s":[30.2]},{"i":{"x":[0.833],"y":[0.833]},"o":{"x":[0.167],"y":[0.167]},"t":407,"s":[41.1]},{"i":{"x":[0.833],"y":[0.833]},"o":{"x":[0.167],"y":[0.167]},"t":422,"s":[52.1]},{"i":{"x":[0.833],"y":[0.833]},"o":{"x":[0.167],"y":[0.167]},"t":451,"s":[58.1]},{"i":{"x":[0.833],"y":[0.833]},"o":{"x":[0.167],"y":[0.167]},"t":464,"s":[36.1]},{"i":{"x":[0.833],"y":[0.833]},"o":{"x":[0.167],"y":[0.167]},"t":504,"s":[40.6]},{"i":{"x":[0.833],"y":[0.833]},"o":{"x":[0.167],"y":[0.167]},"t":517,"s":[31.3]},{"i":{"x":[0.833],"y":[0.833]},"o":{"x":[0.167],"y":[0.167]},"t":522,"s":[59.5]},{"i":{"x":[0.833],"y":[0.833]},"o":{"x":[0.167],"y":[0.167]},"t":525,"s":[41.3]},{"i":{"x":[0.833],"y":[0.833]},"o":{"x":[0.167],"y":[0.167]},"t":538,"s":[37.1]},{"i":{"x":[0.833],"y":[0.833]},"o":{"x":[0.167],"y":[0.167]},"t":553,"s":[32.3]},{"i":{"x":[0.833],"y":[0.833]},"o":{"x":[0.167],"y":[0.167]},"t":557,"s":[43.9]},{"i":{"x":[0.833],"y":[0.833]},"o":{"x":[0.167],"y":[0.167]},"t":570,"s":[69.1]},{"i":{"x":[0.833],"y":[0.833]},"o":{"x":[0.167],"y":[0.167]},"t":591,"s":[36.8]},{"t":599,"s":[31.5]}],"ix":5},"lc":2,"lj":1,"ml":4,"bm":0,"nm":"Stroke 1","mn":"ADBE Vector Graphic - Stroke","hd":false},{"ty":"tr","p":{"a":0,"k":[0,0],"ix":2},"a":{"a":0,"k":[0,0],"ix":1},"s":{"a":0,"k":[100,100],"ix":3},"r":{"a":0,"k":0,"ix":6},"o":{"a":0,"k":100,"ix":7},"sk":{"a":0,"k":0,"ix":4},"sa":{"a":0,"k":0,"ix":5},"nm":"Transform"}],"nm":"Shape 3","np":4,"cix":2,"bm":0,"ix":1,"mn":"ADBE Vector Group","hd":false}],"ip":0,"op":600,"st":0,"ct":1,"bm":0},{"ddd":0,"ind":2,"ty":4,"nm":"Shape Layer 2","sr":1,"ks":{"o":{"a":0,"k":100,"ix":11},"r":{"a":0,"k":0,"ix":10},"p":{"a":0,"k":[400,400,0],"ix":2,"l":2},"a":{"a":0,"k":[0,0,0],"ix":1,"l":2},"s":{"a":0,"k":[100,100,100],"ix":6,"l":2}},"ao":0,"shapes":[{"ty":"gr","it":[{"ind":0,"ty":"sh","ix":1,"ks":{"a":0,"k":{"i":[[-12,4],[8,84],[0,-94],[85.161,-60.531],[3.89,-13.226],[-3.631,-5.628],[-12.205,-0.221],[-22.759,20.351],[-44.574,102.025],[28.145,29.349],[19.75,-1.375]],"o":[[12,-4],[-8,-84],[0,69.164],[-15.383,10.934],[-3.632,12.35],[5,7.75],[17.524,0.316],[41.418,-37.035],[73.184,-167.51],[-3.312,-3.454],[-11.764,0.819]],"v":[[-545.75,591.5],[-252,-90],[-340,-158],[-255.252,193.856],[-283.553,232.837],[-282,261.25],[-253.49,275.692],[-190.784,245.301],[-60,32],[-2.813,-263.671],[-35.625,-278.5]],"c":false},"ix":2},"nm":"Path 1","mn":"ADBE Vector Shape - Group","hd":false},{"ty":"tm","s":{"a":1,"k":[{"i":{"x":[0.667],"y":[1]},"o":{"x":[0.333],"y":[0]},"t":0,"s":[0.8]},{"i":{"x":[0.667],"y":[1]},"o":{"x":[0.333],"y":[0]},"t":89,"s":[63.8]},{"i":{"x":[0.667],"y":[1]},"o":{"x":[0.333],"y":[0]},"t":186,"s":[8]},{"i":{"x":[0.667],"y":[1]},"o":{"x":[0.333],"y":[0]},"t":289,"s":[58]},{"i":{"x":[0.667],"y":[1]},"o":{"x":[0.333],"y":[0]},"t":383,"s":[9]},{"i":{"x":[0.667],"y":[1]},"o":{"x":[0.333],"y":[0]},"t":484,"s":[59]},{"t":599,"s":[0.8]}],"ix":1},"e":{"a":1,"k":[{"i":{"x":[0.667],"y":[1]},"o":{"x":[0.333],"y":[0]},"t":0,"s":[1.185]},{"i":{"x":[0.667],"y":[1]},"o":{"x":[0.333],"y":[0]},"t":89,"s":[64.185]},{"i":{"x":[0.667],"y":[1]},"o":{"x":[0.333],"y":[0]},"t":186,"s":[8.385]},{"i":{"x":[0.667],"y":[1]},"o":{"x":[0.333],"y":[0]},"t":289,"s":[58.385]},{"i":{"x":[0.667],"y":[1]},"o":{"x":[0.333],"y":[0]},"t":383,"s":[9.385]},{"i":{"x":[0.667],"y":[1]},"o":{"x":[0.333],"y":[0]},"t":484,"s":[59.385]},{"t":599,"s":[1.185]}],"ix":2},"o":{"a":1,"k":[{"i":{"x":[0.667],"y":[0.78]},"o":{"x":[0.333],"y":[0.219]},"t":0,"s":[47.4]},{"i":{"x":[0.667],"y":[0.886]},"o":{"x":[0.333],"y":[0.114]},"t":89,"s":[189.4]},{"i":{"x":[0.667],"y":[0.828]},"o":{"x":[0.333],"y":[0.172]},"t":186,"s":[487.4]},{"i":{"x":[0.667],"y":[0.875]},"o":{"x":[0.333],"y":[0.124]},"t":289,"s":[697.4]},{"i":{"x":[0.667],"y":[0.807]},"o":{"x":[0.333],"y":[0.192]},"t":383,"s":[962.4]},{"i":{"x":[0.667],"y":[0.882]},"o":{"x":[0.333],"y":[0.118]},"t":484,"s":[1146.4]},{"t":599,"s":[1487.4]}],"ix":3},"m":1,"ix":2,"nm":"Trim Paths 1","mn":"ADBE Vector Filter - Trim","hd":false},{"ty":"st","c":{"a":0,"k":[0,0.980882287025,1,1],"ix":3},"o":{"a":0,"k":100,"ix":4},"w":{"a":1,"k":[{"i":{"x":[0.833],"y":[0.833]},"o":{"x":[0.167],"y":[0.167]},"t":0,"s":[40.4]},{"i":{"x":[0.833],"y":[0.833]},"o":{"x":[0.167],"y":[0.167]},"t":20,"s":[36.3]},{"i":{"x":[0.833],"y":[0.833]},"o":{"x":[0.167],"y":[0.167]},"t":23,"s":[60.5]},{"i":{"x":[0.833],"y":[0.833]},"o":{"x":[0.167],"y":[0.167]},"t":26,"s":[31.3]},{"i":{"x":[0.833],"y":[0.833]},"o":{"x":[0.167],"y":[0.167]},"t":33,"s":[36.3]},{"i":{"x":[0.833],"y":[0.833]},"o":{"x":[0.167],"y":[0.167]},"t":45,"s":[39.1]},{"i":{"x":[0.833],"y":[0.833]},"o":{"x":[0.167],"y":[0.167]},"t":50,"s":[55.1]},{"i":{"x":[0.833],"y":[0.833]},"o":{"x":[0.167],"y":[0.167]},"t":59,"s":[65.7]},{"i":{"x":[0.833],"y":[0.833]},"o":{"x":[0.167],"y":[0.167]},"t":70,"s":[34.8]},{"i":{"x":[0.833],"y":[0.833]},"o":{"x":[0.167],"y":[0.167]},"t":76,"s":[37.8]},{"i":{"x":[0.833],"y":[0.833]},"o":{"x":[0.167],"y":[0.167]},"t":98,"s":[42.6]},{"i":{"x":[0.833],"y":[0.833]},"o":{"x":[0.167],"y":[0.167]},"t":140,"s":[39.4]},{"i":{"x":[0.833],"y":[0.833]},"o":{"x":[0.167],"y":[0.167]},"t":148,"s":[57.7]},{"i":{"x":[0.833],"y":[0.833]},"o":{"x":[0.167],"y":[0.167]},"t":154,"s":[64]},{"i":{"x":[0.833],"y":[0.833]},"o":{"x":[0.167],"y":[0.167]},"t":165,"s":[34.5]},{"i":{"x":[0.833],"y":[0.833]},"o":{"x":[0.167],"y":[0.167]},"t":197,"s":[38.8]},{"i":{"x":[0.833],"y":[0.833]},"o":{"x":[0.167],"y":[0.167]},"t":215,"s":[43.7]},{"i":{"x":[0.833],"y":[0.833]},"o":{"x":[0.167],"y":[0.167]},"t":219,"s":[55]},{"i":{"x":[0.833],"y":[0.833]},"o":{"x":[0.167],"y":[0.167]},"t":231,"s":[65.3]},{"i":{"x":[0.833],"y":[0.833]},"o":{"x":[0.167],"y":[0.167]},"t":244,"s":[37.7]},{"i":{"x":[0.833],"y":[0.833]},"o":{"x":[0.167],"y":[0.167]},"t":252,"s":[42.635]},{"i":{"x":[0.833],"y":[0.833]},"o":{"x":[0.167],"y":[0.167]},"t":261,"s":[36.5]},{"i":{"x":[0.833],"y":[0.833]},"o":{"x":[0.167],"y":[0.167]},"t":264,"s":[58.5]},{"i":{"x":[0.833],"y":[0.833]},"o":{"x":[0.167],"y":[0.167]},"t":265,"s":[61.24]},{"i":{"x":[0.833],"y":[0.833]},"o":{"x":[0.167],"y":[0.167]},"t":269,"s":[32.2]},{"i":{"x":[0.833],"y":[0.833]},"o":{"x":[0.167],"y":[0.167]},"t":281,"s":[39.5]},{"i":{"x":[0.833],"y":[0.833]},"o":{"x":[0.167],"y":[0.167]},"t":322,"s":[32.5]},{"i":{"x":[0.833],"y":[0.833]},"o":{"x":[0.167],"y":[0.167]},"t":341,"s":[32.5]},{"i":{"x":[0.833],"y":[0.833]},"o":{"x":[0.167],"y":[0.167]},"t":355,"s":[37.6]},{"i":{"x":[0.833],"y":[0.833]},"o":{"x":[0.167],"y":[0.167]},"t":368,"s":[51.6]},{"i":{"x":[0.833],"y":[0.833]},"o":{"x":[0.167],"y":[0.167]},"t":397,"s":[62.5]},{"i":{"x":[0.833],"y":[0.833]},"o":{"x":[0.167],"y":[0.167]},"t":411,"s":[42.5]},{"i":{"x":[0.833],"y":[0.833]},"o":{"x":[0.167],"y":[0.167]},"t":416,"s":[32.2]},{"i":{"x":[0.833],"y":[0.833]},"o":{"x":[0.167],"y":[0.167]},"t":422,"s":[37.7]},{"i":{"x":[0.833],"y":[0.833]},"o":{"x":[0.167],"y":[0.167]},"t":428,"s":[40.338]},{"i":{"x":[0.833],"y":[0.833]},"o":{"x":[0.167],"y":[0.167]},"t":435,"s":[31.5]},{"i":{"x":[0.833],"y":[0.833]},"o":{"x":[0.167],"y":[0.167]},"t":439,"s":[62.8]},{"i":{"x":[0.833],"y":[0.833]},"o":{"x":[0.167],"y":[0.167]},"t":443,"s":[29.9]},{"i":{"x":[0.833],"y":[0.833]},"o":{"x":[0.167],"y":[0.167]},"t":450,"s":[40.4]},{"i":{"x":[0.833],"y":[0.833]},"o":{"x":[0.167],"y":[0.167]},"t":462,"s":[33.4]},{"i":{"x":[0.833],"y":[0.833]},"o":{"x":[0.167],"y":[0.167]},"t":467,"s":[31]},{"i":{"x":[0.833],"y":[0.833]},"o":{"x":[0.167],"y":[0.167]},"t":471,"s":[44]},{"i":{"x":[0.833],"y":[0.833]},"o":{"x":[0.167],"y":[0.167]},"t":492,"s":[60.2]},{"i":{"x":[0.833],"y":[0.833]},"o":{"x":[0.167],"y":[0.167]},"t":515,"s":[60.2]},{"i":{"x":[0.833],"y":[0.833]},"o":{"x":[0.167],"y":[0.167]},"t":540,"s":[51.6]},{"i":{"x":[0.833],"y":[0.833]},"o":{"x":[0.167],"y":[0.167]},"t":554,"s":[31.2]},{"i":{"x":[0.833],"y":[0.833]},"o":{"x":[0.167],"y":[0.167]},"t":571,"s":[35.3]},{"t":599,"s":[40.4]}],"ix":5},"lc":2,"lj":1,"ml":4,"bm":0,"nm":"Stroke 1","mn":"ADBE Vector Graphic - Stroke","hd":false},{"ty":"tr","p":{"a":0,"k":[0,0],"ix":2},"a":{"a":0,"k":[0,0],"ix":1},"s":{"a":0,"k":[100,100],"ix":3},"r":{"a":0,"k":0,"ix":6},"o":{"a":0,"k":100,"ix":7},"sk":{"a":0,"k":0,"ix":4},"sa":{"a":0,"k":0,"ix":5},"nm":"Transform"}],"nm":"Shape 2","np":4,"cix":2,"bm":0,"ix":1,"mn":"ADBE Vector Group","hd":false}],"ip":0,"op":600,"st":0,"ct":1,"bm":0},{"ddd":0,"ind":3,"ty":4,"nm":"Shape Layer 1","sr":1,"ks":{"o":{"a":0,"k":100,"ix":11},"r":{"a":0,"k":0,"ix":10},"p":{"a":0,"k":[400,400,0],"ix":2,"l":2},"a":{"a":0,"k":[0,0,0],"ix":1,"l":2},"s":{"a":0,"k":[100,100,100],"ix":6,"l":2}},"ao":0,"shapes":[{"ty":"gr","it":[{"ind":0,"ty":"sh","ix":1,"ks":{"a":0,"k":{"i":[[-12,4],[8,84],[0,-94],[85.161,-60.531],[3.89,-13.226],[-3.631,-5.628],[-12.205,-0.221],[-22.759,20.351],[-44.574,102.025],[28.145,29.349],[19.75,-1.375]],"o":[[12,-4],[-8,-84],[0,69.164],[-15.383,10.934],[-3.632,12.35],[5,7.75],[17.524,0.316],[41.418,-37.035],[73.184,-167.51],[-3.312,-3.454],[-11.764,0.819]],"v":[[-545.75,591.5],[-252,-90],[-340,-158],[-255.252,193.856],[-283.553,232.837],[-282,261.25],[-253.49,275.692],[-190.784,245.301],[-60,32],[-2.813,-263.671],[-35.625,-278.5]],"c":false},"ix":2},"nm":"Path 1","mn":"ADBE Vector Shape - Group","hd":false},{"ty":"tm","s":{"a":1,"k":[{"i":{"x":[0.667],"y":[1]},"o":{"x":[0.333],"y":[0]},"t":0,"s":[0.8]},{"i":{"x":[0.667],"y":[1]},"o":{"x":[0.333],"y":[0]},"t":89,"s":[63.8]},{"i":{"x":[0.667],"y":[1]},"o":{"x":[0.333],"y":[0]},"t":186,"s":[8]},{"i":{"x":[0.667],"y":[1]},"o":{"x":[0.333],"y":[0]},"t":289,"s":[58]},{"i":{"x":[0.667],"y":[1]},"o":{"x":[0.333],"y":[0]},"t":383,"s":[9]},{"i":{"x":[0.667],"y":[1]},"o":{"x":[0.333],"y":[0]},"t":484,"s":[59]},{"t":599,"s":[0.8]}],"ix":1},"e":{"a":0,"k":88,"ix":2},"o":{"a":1,"k":[{"i":{"x":[0.667],"y":[0.78]},"o":{"x":[0.333],"y":[0.219]},"t":0,"s":[47.4]},{"i":{"x":[0.667],"y":[0.886]},"o":{"x":[0.333],"y":[0.114]},"t":89,"s":[189.4]},{"i":{"x":[0.667],"y":[0.828]},"o":{"x":[0.333],"y":[0.172]},"t":186,"s":[487.4]},{"i":{"x":[0.667],"y":[0.875]},"o":{"x":[0.333],"y":[0.124]},"t":289,"s":[697.4]},{"i":{"x":[0.667],"y":[0.807]},"o":{"x":[0.333],"y":[0.192]},"t":383,"s":[962.4]},{"i":{"x":[0.667],"y":[0.882]},"o":{"x":[0.333],"y":[0.118]},"t":484,"s":[1146.4]},{"t":599,"s":[1487.4]}],"ix":3},"m":1,"ix":2,"nm":"Trim Paths 1","mn":"ADBE Vector Filter - Trim","hd":false},{"ty":"st","c":{"a":0,"k":[0,1,0.033364105225,1],"ix":3},"o":{"a":0,"k":100,"ix":4},"w":{"a":0,"k":63,"ix":5},"lc":1,"lj":1,"ml":4,"bm":0,"nm":"Stroke 1","mn":"ADBE Vector Graphic - Stroke","hd":false},{"ty":"tr","p":{"a":0,"k":[0,0],"ix":2},"a":{"a":0,"k":[0,0],"ix":1},"s":{"a":0,"k":[100,100],"ix":3},"r":{"a":0,"k":0,"ix":6},"o":{"a":0,"k":100,"ix":7},"sk":{"a":0,"k":0,"ix":4},"sa":{"a":0,"k":0,"ix":5},"nm":"Transform"}],"nm":"Shape 1","np":4,"cix":2,"bm":0,"ix":1,"mn":"ADBE Vector Group","hd":false}],"ip":0,"op":600,"st":0,"ct":1,"bm":0}]},{"id":"comp_1","nm":"RightMatte","fr":60,"layers":[{"ddd":0,"ind":1,"ty":4,"nm":"Shape Layer 6","sr":1,"ks":{"o":{"a":0,"k":100,"ix":11},"r":{"a":0,"k":0,"ix":10},"p":{"a":0,"k":[400,400,0],"ix":2,"l":2},"a":{"a":0,"k":[0,0,0],"ix":1,"l":2},"s":{"a":0,"k":[100,100,100],"ix":6,"l":2}},"ao":0,"shapes":[{"ty":"gr","it":[{"ind":0,"ty":"sh","ix":1,"ks":{"a":0,"k":{"i":[[4.625,-0.375],[3.374,-23.08],[-65.5,-88.5],[-32.715,-24.725],[-28.477,-5.595],[-4.429,29.981],[20.836,5.744],[-1.461,48.245],[6,-190],[-46.715,171.283],[33,-95]],"o":[[-17.925,1.453],[-6.381,43.656],[24.846,33.57],[36.465,27.559],[40.394,7.937],[3.25,-22],[-20.836,-5.744],[2,-66],[-6,190],[15,-55],[-6.563,18.892]],"v":[[-35,-277.75],[-66.006,-240.001],[8.5,-16.5],[106.9,89.637],[201.477,137.095],[270.499,106],[226.837,55.744],[350,-308],[238,-204],[356,-160],[250,-265]],"c":false},"ix":2},"nm":"Path 1","mn":"ADBE Vector Shape - Group","hd":false},{"ty":"tm","s":{"a":0,"k":87.9,"ix":1},"e":{"a":0,"k":88,"ix":2},"o":{"a":1,"k":[{"i":{"x":[0.667],"y":[0.78]},"o":{"x":[0.333],"y":[0.219]},"t":0,"s":[47.4]},{"i":{"x":[0.667],"y":[0.886]},"o":{"x":[0.333],"y":[0.114]},"t":89,"s":[189.4]},{"i":{"x":[0.667],"y":[0.828]},"o":{"x":[0.333],"y":[0.172]},"t":186,"s":[487.4]},{"i":{"x":[0.667],"y":[0.875]},"o":{"x":[0.333],"y":[0.124]},"t":289,"s":[697.4]},{"i":{"x":[0.667],"y":[0.807]},"o":{"x":[0.333],"y":[0.192]},"t":383,"s":[962.4]},{"i":{"x":[0.667],"y":[0.882]},"o":{"x":[0.333],"y":[0.118]},"t":484,"s":[1146.4]},{"t":599,"s":[1487.4]}],"ix":3},"m":1,"ix":2,"nm":"Trim Paths 1","mn":"ADBE Vector Filter - Trim","hd":false},{"ty":"st","c":{"a":0,"k":[0,0.980882287025,1,1],"ix":3},"o":{"a":0,"k":100,"ix":4},"w":{"a":1,"k":[{"i":{"x":[0.833],"y":[0.833]},"o":{"x":[0.167],"y":[0.167]},"t":0,"s":[31.5]},{"i":{"x":[0.833],"y":[0.833]},"o":{"x":[0.167],"y":[0.167]},"t":21,"s":[37]},{"i":{"x":[0.833],"y":[0.833]},"o":{"x":[0.167],"y":[0.167]},"t":37,"s":[40]},{"i":{"x":[0.833],"y":[0.833]},"o":{"x":[0.167],"y":[0.167]},"t":60,"s":[31.1]},{"i":{"x":[0.833],"y":[0.833]},"o":{"x":[0.167],"y":[0.167]},"t":67,"s":[67.5]},{"i":{"x":[0.833],"y":[0.833]},"o":{"x":[0.167],"y":[0.167]},"t":75,"s":[51.8]},{"i":{"x":[0.833],"y":[0.833]},"o":{"x":[0.167],"y":[0.167]},"t":79,"s":[33.7]},{"i":{"x":[0.833],"y":[0.833]},"o":{"x":[0.167],"y":[0.167]},"t":107,"s":[38.6]},{"i":{"x":[0.833],"y":[0.833]},"o":{"x":[0.167],"y":[0.167]},"t":122,"s":[35.2]},{"i":{"x":[0.833],"y":[0.833]},"o":{"x":[0.167],"y":[0.167]},"t":131,"s":[64]},{"i":{"x":[0.833],"y":[0.833]},"o":{"x":[0.167],"y":[0.167]},"t":140,"s":[63.3]},{"i":{"x":[0.833],"y":[0.833]},"o":{"x":[0.167],"y":[0.167]},"t":149,"s":[48]},{"i":{"x":[0.833],"y":[0.833]},"o":{"x":[0.167],"y":[0.167]},"t":152,"s":[36.9]},{"i":{"x":[0.833],"y":[0.833]},"o":{"x":[0.167],"y":[0.167]},"t":159,"s":[33.4]},{"i":{"x":[0.833],"y":[0.833]},"o":{"x":[0.167],"y":[0.167]},"t":173,"s":[43.9]},{"i":{"x":[0.833],"y":[0.833]},"o":{"x":[0.167],"y":[0.167]},"t":194,"s":[32.5]},{"i":{"x":[0.833],"y":[0.833]},"o":{"x":[0.167],"y":[0.167]},"t":205,"s":[61.8]},{"i":{"x":[0.833],"y":[0.833]},"o":{"x":[0.167],"y":[0.167]},"t":213,"s":[45.6]},{"i":{"x":[0.833],"y":[0.833]},"o":{"x":[0.167],"y":[0.167]},"t":216,"s":[31]},{"i":{"x":[0.833],"y":[0.833]},"o":{"x":[0.167],"y":[0.167]},"t":235,"s":[41.5]},{"i":{"x":[0.833],"y":[0.833]},"o":{"x":[0.167],"y":[0.167]},"t":249,"s":[34.8]},{"i":{"x":[0.833],"y":[0.833]},"o":{"x":[0.167],"y":[0.167]},"t":256,"s":[40.7]},{"i":{"x":[0.833],"y":[0.833]},"o":{"x":[0.167],"y":[0.167]},"t":265,"s":[49.6]},{"i":{"x":[0.833],"y":[0.833]},"o":{"x":[0.167],"y":[0.167]},"t":295,"s":[64]},{"i":{"x":[0.833],"y":[0.833]},"o":{"x":[0.167],"y":[0.167]},"t":312,"s":[48]},{"i":{"x":[0.833],"y":[0.833]},"o":{"x":[0.167],"y":[0.167]},"t":316,"s":[32.3]},{"i":{"x":[0.833],"y":[0.833]},"o":{"x":[0.167],"y":[0.167]},"t":325,"s":[37.7]},{"i":{"x":[0.833],"y":[0.833]},"o":{"x":[0.167],"y":[0.167]},"t":347,"s":[37.7]},{"i":{"x":[0.833],"y":[0.833]},"o":{"x":[0.167],"y":[0.167]},"t":351,"s":[60.7]},{"i":{"x":[0.833],"y":[0.833]},"o":{"x":[0.167],"y":[0.167]},"t":355,"s":[37.7]},{"i":{"x":[0.833],"y":[0.833]},"o":{"x":[0.167],"y":[0.167]},"t":368,"s":[37.979]},{"i":{"x":[0.833],"y":[0.833]},"o":{"x":[0.167],"y":[0.167]},"t":397,"s":[30.2]},{"i":{"x":[0.833],"y":[0.833]},"o":{"x":[0.167],"y":[0.167]},"t":407,"s":[41.1]},{"i":{"x":[0.833],"y":[0.833]},"o":{"x":[0.167],"y":[0.167]},"t":422,"s":[52.1]},{"i":{"x":[0.833],"y":[0.833]},"o":{"x":[0.167],"y":[0.167]},"t":451,"s":[58.1]},{"i":{"x":[0.833],"y":[0.833]},"o":{"x":[0.167],"y":[0.167]},"t":464,"s":[36.1]},{"i":{"x":[0.833],"y":[0.833]},"o":{"x":[0.167],"y":[0.167]},"t":504,"s":[40.6]},{"i":{"x":[0.833],"y":[0.833]},"o":{"x":[0.167],"y":[0.167]},"t":517,"s":[31.3]},{"i":{"x":[0.833],"y":[0.833]},"o":{"x":[0.167],"y":[0.167]},"t":522,"s":[59.5]},{"i":{"x":[0.833],"y":[0.833]},"o":{"x":[0.167],"y":[0.167]},"t":525,"s":[41.3]},{"i":{"x":[0.833],"y":[0.833]},"o":{"x":[0.167],"y":[0.167]},"t":538,"s":[37.1]},{"i":{"x":[0.833],"y":[0.833]},"o":{"x":[0.167],"y":[0.167]},"t":553,"s":[32.3]},{"i":{"x":[0.833],"y":[0.833]},"o":{"x":[0.167],"y":[0.167]},"t":557,"s":[43.9]},{"i":{"x":[0.833],"y":[0.833]},"o":{"x":[0.167],"y":[0.167]},"t":570,"s":[69.1]},{"i":{"x":[0.833],"y":[0.833]},"o":{"x":[0.167],"y":[0.167]},"t":591,"s":[36.8]},{"t":599,"s":[31.5]}],"ix":5},"lc":2,"lj":1,"ml":4,"bm":0,"nm":"Stroke 1","mn":"ADBE Vector Graphic - Stroke","hd":false},{"ty":"tr","p":{"a":0,"k":[0,0],"ix":2},"a":{"a":0,"k":[0,0],"ix":1},"s":{"a":0,"k":[100,100],"ix":3},"r":{"a":0,"k":0,"ix":6},"o":{"a":0,"k":100,"ix":7},"sk":{"a":0,"k":0,"ix":4},"sa":{"a":0,"k":0,"ix":5},"nm":"Transform"}],"nm":"Shape 3","np":4,"cix":2,"bm":0,"ix":1,"mn":"ADBE Vector Group","hd":false}],"ip":0,"op":600,"st":0,"ct":1,"bm":0},{"ddd":0,"ind":2,"ty":4,"nm":"Shape Layer 5","sr":1,"ks":{"o":{"a":0,"k":100,"ix":11},"r":{"a":0,"k":0,"ix":10},"p":{"a":0,"k":[400,400,0],"ix":2,"l":2},"a":{"a":0,"k":[0,0,0],"ix":1,"l":2},"s":{"a":0,"k":[100,100,100],"ix":6,"l":2}},"ao":0,"shapes":[{"ty":"gr","it":[{"ind":0,"ty":"sh","ix":1,"ks":{"a":0,"k":{"i":[[4.625,-0.375],[3.374,-23.08],[-65.5,-88.5],[-32.715,-24.725],[-28.477,-5.595],[-4.429,29.981],[20.836,5.744],[-1.461,48.245],[6,-190],[-46.715,171.283],[33,-95]],"o":[[-17.925,1.453],[-6.381,43.656],[24.846,33.57],[36.465,27.559],[40.394,7.937],[3.25,-22],[-20.836,-5.744],[2,-66],[-6,190],[15,-55],[-6.563,18.892]],"v":[[-35,-277.75],[-66.006,-240.001],[8.5,-16.5],[106.9,89.637],[201.477,137.095],[270.499,106],[226.837,55.744],[350,-308],[238,-204],[356,-160],[250,-265]],"c":false},"ix":2},"nm":"Path 1","mn":"ADBE Vector Shape - Group","hd":false},{"ty":"tm","s":{"a":1,"k":[{"i":{"x":[0.667],"y":[1]},"o":{"x":[0.333],"y":[0]},"t":0,"s":[0.8]},{"i":{"x":[0.667],"y":[1]},"o":{"x":[0.333],"y":[0]},"t":89,"s":[63.8]},{"i":{"x":[0.667],"y":[1]},"o":{"x":[0.333],"y":[0]},"t":186,"s":[8]},{"i":{"x":[0.667],"y":[1]},"o":{"x":[0.333],"y":[0]},"t":289,"s":[58]},{"i":{"x":[0.667],"y":[1]},"o":{"x":[0.333],"y":[0]},"t":383,"s":[9]},{"i":{"x":[0.667],"y":[1]},"o":{"x":[0.333],"y":[0]},"t":484,"s":[59]},{"t":599,"s":[0.8]}],"ix":1},"e":{"a":1,"k":[{"i":{"x":[0.667],"y":[1]},"o":{"x":[0.333],"y":[0]},"t":0,"s":[1.185]},{"i":{"x":[0.667],"y":[1]},"o":{"x":[0.333],"y":[0]},"t":89,"s":[64.185]},{"i":{"x":[0.667],"y":[1]},"o":{"x":[0.333],"y":[0]},"t":186,"s":[8.385]},{"i":{"x":[0.667],"y":[1]},"o":{"x":[0.333],"y":[0]},"t":289,"s":[58.385]},{"i":{"x":[0.667],"y":[1]},"o":{"x":[0.333],"y":[0]},"t":383,"s":[9.385]},{"i":{"x":[0.667],"y":[1]},"o":{"x":[0.333],"y":[0]},"t":484,"s":[59.385]},{"t":599,"s":[1.185]}],"ix":2},"o":{"a":1,"k":[{"i":{"x":[0.667],"y":[0.78]},"o":{"x":[0.333],"y":[0.219]},"t":0,"s":[47.4]},{"i":{"x":[0.667],"y":[0.886]},"o":{"x":[0.333],"y":[0.114]},"t":89,"s":[189.4]},{"i":{"x":[0.667],"y":[0.828]},"o":{"x":[0.333],"y":[0.172]},"t":186,"s":[487.4]},{"i":{"x":[0.667],"y":[0.875]},"o":{"x":[0.333],"y":[0.124]},"t":289,"s":[697.4]},{"i":{"x":[0.667],"y":[0.807]},"o":{"x":[0.333],"y":[0.192]},"t":383,"s":[962.4]},{"i":{"x":[0.667],"y":[0.882]},"o":{"x":[0.333],"y":[0.118]},"t":484,"s":[1146.4]},{"t":599,"s":[1487.4]}],"ix":3},"m":1,"ix":2,"nm":"Trim Paths 1","mn":"ADBE Vector Filter - Trim","hd":false},{"ty":"st","c":{"a":0,"k":[0,0.980882287025,1,1],"ix":3},"o":{"a":0,"k":100,"ix":4},"w":{"a":1,"k":[{"i":{"x":[0.833],"y":[0.833]},"o":{"x":[0.167],"y":[0.167]},"t":0,"s":[40.4]},{"i":{"x":[0.833],"y":[0.833]},"o":{"x":[0.167],"y":[0.167]},"t":20,"s":[36.3]},{"i":{"x":[0.833],"y":[0.833]},"o":{"x":[0.167],"y":[0.167]},"t":23,"s":[60.5]},{"i":{"x":[0.833],"y":[0.833]},"o":{"x":[0.167],"y":[0.167]},"t":26,"s":[31.3]},{"i":{"x":[0.833],"y":[0.833]},"o":{"x":[0.167],"y":[0.167]},"t":33,"s":[36.3]},{"i":{"x":[0.833],"y":[0.833]},"o":{"x":[0.167],"y":[0.167]},"t":45,"s":[39.1]},{"i":{"x":[0.833],"y":[0.833]},"o":{"x":[0.167],"y":[0.167]},"t":50,"s":[55.1]},{"i":{"x":[0.833],"y":[0.833]},"o":{"x":[0.167],"y":[0.167]},"t":59,"s":[65.7]},{"i":{"x":[0.833],"y":[0.833]},"o":{"x":[0.167],"y":[0.167]},"t":70,"s":[34.8]},{"i":{"x":[0.833],"y":[0.833]},"o":{"x":[0.167],"y":[0.167]},"t":76,"s":[37.8]},{"i":{"x":[0.833],"y":[0.833]},"o":{"x":[0.167],"y":[0.167]},"t":98,"s":[42.6]},{"i":{"x":[0.833],"y":[0.833]},"o":{"x":[0.167],"y":[0.167]},"t":140,"s":[39.4]},{"i":{"x":[0.833],"y":[0.833]},"o":{"x":[0.167],"y":[0.167]},"t":148,"s":[57.7]},{"i":{"x":[0.833],"y":[0.833]},"o":{"x":[0.167],"y":[0.167]},"t":154,"s":[64]},{"i":{"x":[0.833],"y":[0.833]},"o":{"x":[0.167],"y":[0.167]},"t":165,"s":[34.5]},{"i":{"x":[0.833],"y":[0.833]},"o":{"x":[0.167],"y":[0.167]},"t":197,"s":[38.8]},{"i":{"x":[0.833],"y":[0.833]},"o":{"x":[0.167],"y":[0.167]},"t":215,"s":[43.7]},{"i":{"x":[0.833],"y":[0.833]},"o":{"x":[0.167],"y":[0.167]},"t":219,"s":[55]},{"i":{"x":[0.833],"y":[0.833]},"o":{"x":[0.167],"y":[0.167]},"t":231,"s":[65.3]},{"i":{"x":[0.833],"y":[0.833]},"o":{"x":[0.167],"y":[0.167]},"t":244,"s":[37.7]},{"i":{"x":[0.833],"y":[0.833]},"o":{"x":[0.167],"y":[0.167]},"t":252,"s":[42.635]},{"i":{"x":[0.833],"y":[0.833]},"o":{"x":[0.167],"y":[0.167]},"t":261,"s":[36.5]},{"i":{"x":[0.833],"y":[0.833]},"o":{"x":[0.167],"y":[0.167]},"t":264,"s":[58.5]},{"i":{"x":[0.833],"y":[0.833]},"o":{"x":[0.167],"y":[0.167]},"t":265,"s":[61.24]},{"i":{"x":[0.833],"y":[0.833]},"o":{"x":[0.167],"y":[0.167]},"t":269,"s":[32.2]},{"i":{"x":[0.833],"y":[0.833]},"o":{"x":[0.167],"y":[0.167]},"t":281,"s":[39.5]},{"i":{"x":[0.833],"y":[0.833]},"o":{"x":[0.167],"y":[0.167]},"t":322,"s":[32.5]},{"i":{"x":[0.833],"y":[0.833]},"o":{"x":[0.167],"y":[0.167]},"t":341,"s":[32.5]},{"i":{"x":[0.833],"y":[0.833]},"o":{"x":[0.167],"y":[0.167]},"t":355,"s":[37.6]},{"i":{"x":[0.833],"y":[0.833]},"o":{"x":[0.167],"y":[0.167]},"t":368,"s":[51.6]},{"i":{"x":[0.833],"y":[0.833]},"o":{"x":[0.167],"y":[0.167]},"t":397,"s":[62.5]},{"i":{"x":[0.833],"y":[0.833]},"o":{"x":[0.167],"y":[0.167]},"t":411,"s":[42.5]},{"i":{"x":[0.833],"y":[0.833]},"o":{"x":[0.167],"y":[0.167]},"t":416,"s":[32.2]},{"i":{"x":[0.833],"y":[0.833]},"o":{"x":[0.167],"y":[0.167]},"t":422,"s":[37.7]},{"i":{"x":[0.833],"y":[0.833]},"o":{"x":[0.167],"y":[0.167]},"t":428,"s":[40.338]},{"i":{"x":[0.833],"y":[0.833]},"o":{"x":[0.167],"y":[0.167]},"t":435,"s":[31.5]},{"i":{"x":[0.833],"y":[0.833]},"o":{"x":[0.167],"y":[0.167]},"t":439,"s":[62.8]},{"i":{"x":[0.833],"y":[0.833]},"o":{"x":[0.167],"y":[0.167]},"t":443,"s":[29.9]},{"i":{"x":[0.833],"y":[0.833]},"o":{"x":[0.167],"y":[0.167]},"t":450,"s":[40.4]},{"i":{"x":[0.833],"y":[0.833]},"o":{"x":[0.167],"y":[0.167]},"t":462,"s":[33.4]},{"i":{"x":[0.833],"y":[0.833]},"o":{"x":[0.167],"y":[0.167]},"t":467,"s":[31]},{"i":{"x":[0.833],"y":[0.833]},"o":{"x":[0.167],"y":[0.167]},"t":471,"s":[44]},{"i":{"x":[0.833],"y":[0.833]},"o":{"x":[0.167],"y":[0.167]},"t":492,"s":[60.2]},{"i":{"x":[0.833],"y":[0.833]},"o":{"x":[0.167],"y":[0.167]},"t":515,"s":[60.2]},{"i":{"x":[0.833],"y":[0.833]},"o":{"x":[0.167],"y":[0.167]},"t":540,"s":[51.6]},{"i":{"x":[0.833],"y":[0.833]},"o":{"x":[0.167],"y":[0.167]},"t":554,"s":[31.2]},{"i":{"x":[0.833],"y":[0.833]},"o":{"x":[0.167],"y":[0.167]},"t":571,"s":[35.3]},{"t":599,"s":[40.4]}],"ix":5},"lc":2,"lj":1,"ml":4,"bm":0,"nm":"Stroke 1","mn":"ADBE Vector Graphic - Stroke","hd":false},{"ty":"tr","p":{"a":0,"k":[0,0],"ix":2},"a":{"a":0,"k":[0,0],"ix":1},"s":{"a":0,"k":[100,100],"ix":3},"r":{"a":0,"k":0,"ix":6},"o":{"a":0,"k":100,"ix":7},"sk":{"a":0,"k":0,"ix":4},"sa":{"a":0,"k":0,"ix":5},"nm":"Transform"}],"nm":"Shape 2","np":4,"cix":2,"bm":0,"ix":1,"mn":"ADBE Vector Group","hd":false}],"ip":0,"op":600,"st":0,"ct":1,"bm":0},{"ddd":0,"ind":3,"ty":4,"nm":"Shape Layer 4","sr":1,"ks":{"o":{"a":0,"k":100,"ix":11},"r":{"a":0,"k":0,"ix":10},"p":{"a":0,"k":[400,400,0],"ix":2,"l":2},"a":{"a":0,"k":[0,0,0],"ix":1,"l":2},"s":{"a":0,"k":[100,100,100],"ix":6,"l":2}},"ao":0,"shapes":[{"ty":"gr","it":[{"ind":0,"ty":"sh","ix":1,"ks":{"a":0,"k":{"i":[[4.625,-0.375],[3.374,-23.08],[-65.5,-88.5],[-32.715,-24.725],[-28.477,-5.595],[-4.429,29.981],[20.836,5.744],[-1.461,48.245],[6,-190],[-46.715,171.283],[33,-95]],"o":[[-17.925,1.453],[-6.381,43.656],[24.846,33.57],[36.465,27.559],[40.394,7.937],[3.25,-22],[-20.836,-5.744],[2,-66],[-6,190],[15,-55],[-6.563,18.892]],"v":[[-35,-277.75],[-66.006,-240.001],[8.5,-16.5],[106.9,89.637],[201.477,137.095],[270.499,106],[226.837,55.744],[350,-308],[238,-204],[356,-160],[250,-265]],"c":false},"ix":2},"nm":"Path 1","mn":"ADBE Vector Shape - Group","hd":false},{"ty":"tm","s":{"a":1,"k":[{"i":{"x":[0.667],"y":[1]},"o":{"x":[0.333],"y":[0]},"t":0,"s":[0.8]},{"i":{"x":[0.667],"y":[1]},"o":{"x":[0.333],"y":[0]},"t":89,"s":[63.8]},{"i":{"x":[0.667],"y":[1]},"o":{"x":[0.333],"y":[0]},"t":186,"s":[8]},{"i":{"x":[0.667],"y":[1]},"o":{"x":[0.333],"y":[0]},"t":289,"s":[58]},{"i":{"x":[0.667],"y":[1]},"o":{"x":[0.333],"y":[0]},"t":383,"s":[9]},{"i":{"x":[0.667],"y":[1]},"o":{"x":[0.333],"y":[0]},"t":484,"s":[59]},{"t":599,"s":[0.8]}],"ix":1},"e":{"a":0,"k":88,"ix":2},"o":{"a":1,"k":[{"i":{"x":[0.667],"y":[0.78]},"o":{"x":[0.333],"y":[0.219]},"t":0,"s":[47.4]},{"i":{"x":[0.667],"y":[0.886]},"o":{"x":[0.333],"y":[0.114]},"t":89,"s":[189.4]},{"i":{"x":[0.667],"y":[0.828]},"o":{"x":[0.333],"y":[0.172]},"t":186,"s":[487.4]},{"i":{"x":[0.667],"y":[0.875]},"o":{"x":[0.333],"y":[0.124]},"t":289,"s":[697.4]},{"i":{"x":[0.667],"y":[0.807]},"o":{"x":[0.333],"y":[0.192]},"t":383,"s":[962.4]},{"i":{"x":[0.667],"y":[0.882]},"o":{"x":[0.333],"y":[0.118]},"t":484,"s":[1146.4]},{"t":599,"s":[1487.4]}],"ix":3},"m":1,"ix":2,"nm":"Trim Paths 1","mn":"ADBE Vector Filter - Trim","hd":false},{"ty":"st","c":{"a":0,"k":[0,1,0.033364105225,1],"ix":3},"o":{"a":0,"k":100,"ix":4},"w":{"a":0,"k":63,"ix":5},"lc":1,"lj":1,"ml":4,"bm":0,"nm":"Stroke 1","mn":"ADBE Vector Graphic - Stroke","hd":false},{"ty":"tr","p":{"a":0,"k":[0,0],"ix":2},"a":{"a":0,"k":[0,0],"ix":1},"s":{"a":0,"k":[100,100],"ix":3},"r":{"a":0,"k":0,"ix":6},"o":{"a":0,"k":100,"ix":7},"sk":{"a":0,"k":0,"ix":4},"sa":{"a":0,"k":0,"ix":5},"nm":"Transform"}],"nm":"Shape 1","np":4,"cix":2,"bm":0,"ix":1,"mn":"ADBE Vector Group","hd":false}],"ip":0,"op":600,"st":0,"ct":1,"bm":0}]},{"id":"comp_2","nm":"BottomMatte","fr":60,"layers":[{"ddd":0,"ind":1,"ty":4,"nm":"Shape Layer 7","sr":1,"ks":{"o":{"a":0,"k":100,"ix":11},"r":{"a":0,"k":0,"ix":10},"p":{"a":0,"k":[400,400,0],"ix":2,"l":2},"a":{"a":0,"k":[0,0,0],"ix":1,"l":2},"s":{"a":0,"k":[100,100,100],"ix":6,"l":2}},"ao":0,"shapes":[{"ty":"gr","it":[{"ind":0,"ty":"sh","ix":1,"ks":{"a":0,"k":{"i":[[-34,55.997],[-38.367,142.129],[-2.003,10.398],[50.994,2.78],[84.921,-22.058],[45.033,-26.112],[13.197,-17.998],[-7.026,-8.266],[-13.661,-4.554],[-53.954,1.798]],"o":[[28.846,-47.511],[35.779,4.325],[6.5,-33.75],[-62.69,-3.418],[-65.626,17.046],[-38.804,22.5],[-7.323,9.987],[3.426,4.031],[121.91,40.638],[60,-2]],"v":[[75,744.503],[216.221,138.425],[269.5,111.5],[200.527,57.513],[-39,98.5],[-212.02,166.103],[-278.197,218.248],[-281.5,260.25],[-257.81,277.93],[392.5,368]],"c":false},"ix":2},"nm":"Path 1","mn":"ADBE Vector Shape - Group","hd":false},{"ty":"tm","s":{"a":0,"k":87.9,"ix":1},"e":{"a":0,"k":88,"ix":2},"o":{"a":1,"k":[{"i":{"x":[0.667],"y":[0.78]},"o":{"x":[0.333],"y":[0.219]},"t":0,"s":[47.4]},{"i":{"x":[0.667],"y":[0.886]},"o":{"x":[0.333],"y":[0.114]},"t":89,"s":[189.4]},{"i":{"x":[0.667],"y":[0.828]},"o":{"x":[0.333],"y":[0.172]},"t":186,"s":[487.4]},{"i":{"x":[0.667],"y":[0.875]},"o":{"x":[0.333],"y":[0.124]},"t":289,"s":[697.4]},{"i":{"x":[0.667],"y":[0.807]},"o":{"x":[0.333],"y":[0.192]},"t":383,"s":[962.4]},{"i":{"x":[0.667],"y":[0.882]},"o":{"x":[0.333],"y":[0.118]},"t":484,"s":[1146.4]},{"t":599,"s":[1487.4]}],"ix":3},"m":1,"ix":2,"nm":"Trim Paths 1","mn":"ADBE Vector Filter - Trim","hd":false},{"ty":"st","c":{"a":0,"k":[0,0.980882287025,1,1],"ix":3},"o":{"a":0,"k":100,"ix":4},"w":{"a":1,"k":[{"i":{"x":[0.833],"y":[0.833]},"o":{"x":[0.167],"y":[0.167]},"t":0,"s":[31.5]},{"i":{"x":[0.833],"y":[0.833]},"o":{"x":[0.167],"y":[0.167]},"t":21,"s":[37]},{"i":{"x":[0.833],"y":[0.833]},"o":{"x":[0.167],"y":[0.167]},"t":37,"s":[40]},{"i":{"x":[0.833],"y":[0.833]},"o":{"x":[0.167],"y":[0.167]},"t":60,"s":[31.1]},{"i":{"x":[0.833],"y":[0.833]},"o":{"x":[0.167],"y":[0.167]},"t":67,"s":[67.5]},{"i":{"x":[0.833],"y":[0.833]},"o":{"x":[0.167],"y":[0.167]},"t":75,"s":[51.8]},{"i":{"x":[0.833],"y":[0.833]},"o":{"x":[0.167],"y":[0.167]},"t":79,"s":[33.7]},{"i":{"x":[0.833],"y":[0.833]},"o":{"x":[0.167],"y":[0.167]},"t":107,"s":[38.6]},{"i":{"x":[0.833],"y":[0.833]},"o":{"x":[0.167],"y":[0.167]},"t":122,"s":[35.2]},{"i":{"x":[0.833],"y":[0.833]},"o":{"x":[0.167],"y":[0.167]},"t":131,"s":[64]},{"i":{"x":[0.833],"y":[0.833]},"o":{"x":[0.167],"y":[0.167]},"t":140,"s":[63.3]},{"i":{"x":[0.833],"y":[0.833]},"o":{"x":[0.167],"y":[0.167]},"t":149,"s":[48]},{"i":{"x":[0.833],"y":[0.833]},"o":{"x":[0.167],"y":[0.167]},"t":152,"s":[36.9]},{"i":{"x":[0.833],"y":[0.833]},"o":{"x":[0.167],"y":[0.167]},"t":159,"s":[33.4]},{"i":{"x":[0.833],"y":[0.833]},"o":{"x":[0.167],"y":[0.167]},"t":173,"s":[43.9]},{"i":{"x":[0.833],"y":[0.833]},"o":{"x":[0.167],"y":[0.167]},"t":194,"s":[32.5]},{"i":{"x":[0.833],"y":[0.833]},"o":{"x":[0.167],"y":[0.167]},"t":205,"s":[61.8]},{"i":{"x":[0.833],"y":[0.833]},"o":{"x":[0.167],"y":[0.167]},"t":213,"s":[45.6]},{"i":{"x":[0.833],"y":[0.833]},"o":{"x":[0.167],"y":[0.167]},"t":216,"s":[31]},{"i":{"x":[0.833],"y":[0.833]},"o":{"x":[0.167],"y":[0.167]},"t":235,"s":[41.5]},{"i":{"x":[0.833],"y":[0.833]},"o":{"x":[0.167],"y":[0.167]},"t":249,"s":[34.8]},{"i":{"x":[0.833],"y":[0.833]},"o":{"x":[0.167],"y":[0.167]},"t":256,"s":[40.7]},{"i":{"x":[0.833],"y":[0.833]},"o":{"x":[0.167],"y":[0.167]},"t":265,"s":[49.6]},{"i":{"x":[0.833],"y":[0.833]},"o":{"x":[0.167],"y":[0.167]},"t":295,"s":[64]},{"i":{"x":[0.833],"y":[0.833]},"o":{"x":[0.167],"y":[0.167]},"t":312,"s":[48]},{"i":{"x":[0.833],"y":[0.833]},"o":{"x":[0.167],"y":[0.167]},"t":316,"s":[32.3]},{"i":{"x":[0.833],"y":[0.833]},"o":{"x":[0.167],"y":[0.167]},"t":325,"s":[37.7]},{"i":{"x":[0.833],"y":[0.833]},"o":{"x":[0.167],"y":[0.167]},"t":347,"s":[37.7]},{"i":{"x":[0.833],"y":[0.833]},"o":{"x":[0.167],"y":[0.167]},"t":351,"s":[60.7]},{"i":{"x":[0.833],"y":[0.833]},"o":{"x":[0.167],"y":[0.167]},"t":355,"s":[37.7]},{"i":{"x":[0.833],"y":[0.833]},"o":{"x":[0.167],"y":[0.167]},"t":368,"s":[37.979]},{"i":{"x":[0.833],"y":[0.833]},"o":{"x":[0.167],"y":[0.167]},"t":397,"s":[30.2]},{"i":{"x":[0.833],"y":[0.833]},"o":{"x":[0.167],"y":[0.167]},"t":407,"s":[41.1]},{"i":{"x":[0.833],"y":[0.833]},"o":{"x":[0.167],"y":[0.167]},"t":422,"s":[52.1]},{"i":{"x":[0.833],"y":[0.833]},"o":{"x":[0.167],"y":[0.167]},"t":451,"s":[58.1]},{"i":{"x":[0.833],"y":[0.833]},"o":{"x":[0.167],"y":[0.167]},"t":464,"s":[36.1]},{"i":{"x":[0.833],"y":[0.833]},"o":{"x":[0.167],"y":[0.167]},"t":504,"s":[40.6]},{"i":{"x":[0.833],"y":[0.833]},"o":{"x":[0.167],"y":[0.167]},"t":517,"s":[31.3]},{"i":{"x":[0.833],"y":[0.833]},"o":{"x":[0.167],"y":[0.167]},"t":522,"s":[59.5]},{"i":{"x":[0.833],"y":[0.833]},"o":{"x":[0.167],"y":[0.167]},"t":525,"s":[41.3]},{"i":{"x":[0.833],"y":[0.833]},"o":{"x":[0.167],"y":[0.167]},"t":538,"s":[37.1]},{"i":{"x":[0.833],"y":[0.833]},"o":{"x":[0.167],"y":[0.167]},"t":553,"s":[32.3]},{"i":{"x":[0.833],"y":[0.833]},"o":{"x":[0.167],"y":[0.167]},"t":557,"s":[43.9]},{"i":{"x":[0.833],"y":[0.833]},"o":{"x":[0.167],"y":[0.167]},"t":570,"s":[69.1]},{"i":{"x":[0.833],"y":[0.833]},"o":{"x":[0.167],"y":[0.167]},"t":591,"s":[36.8]},{"t":599,"s":[31.5]}],"ix":5},"lc":2,"lj":1,"ml":4,"bm":0,"nm":"Stroke 1","mn":"ADBE Vector Graphic - Stroke","hd":false},{"ty":"tr","p":{"a":0,"k":[0,0],"ix":2},"a":{"a":0,"k":[0,0],"ix":1},"s":{"a":0,"k":[100,100],"ix":3},"r":{"a":0,"k":0,"ix":6},"o":{"a":0,"k":100,"ix":7},"sk":{"a":0,"k":0,"ix":4},"sa":{"a":0,"k":0,"ix":5},"nm":"Transform"}],"nm":"Shape 3","np":4,"cix":2,"bm":0,"ix":1,"mn":"ADBE Vector Group","hd":false}],"ip":0,"op":600,"st":0,"ct":1,"bm":0},{"ddd":0,"ind":2,"ty":4,"nm":"Shape Layer 6","sr":1,"ks":{"o":{"a":0,"k":100,"ix":11},"r":{"a":0,"k":0,"ix":10},"p":{"a":0,"k":[400,400,0],"ix":2,"l":2},"a":{"a":0,"k":[0,0,0],"ix":1,"l":2},"s":{"a":0,"k":[100,100,100],"ix":6,"l":2}},"ao":0,"shapes":[{"ty":"gr","it":[{"ind":0,"ty":"sh","ix":1,"ks":{"a":0,"k":{"i":[[-34,55.997],[-38.367,142.129],[-2.003,10.398],[50.994,2.78],[84.921,-22.058],[45.033,-26.112],[13.197,-17.998],[-7.026,-8.266],[-13.661,-4.554],[-53.954,1.798]],"o":[[28.846,-47.511],[35.779,4.325],[6.5,-33.75],[-62.69,-3.418],[-65.626,17.046],[-38.804,22.5],[-7.323,9.987],[3.426,4.031],[121.91,40.638],[60,-2]],"v":[[75,744.503],[216.221,138.425],[269.5,111.5],[200.527,57.513],[-39,98.5],[-212.02,166.103],[-278.197,218.248],[-281.5,260.25],[-257.81,277.93],[392.5,368]],"c":false},"ix":2},"nm":"Path 1","mn":"ADBE Vector Shape - Group","hd":false},{"ty":"tm","s":{"a":1,"k":[{"i":{"x":[0.667],"y":[1]},"o":{"x":[0.333],"y":[0]},"t":0,"s":[0.8]},{"i":{"x":[0.667],"y":[1]},"o":{"x":[0.333],"y":[0]},"t":89,"s":[63.8]},{"i":{"x":[0.667],"y":[1]},"o":{"x":[0.333],"y":[0]},"t":186,"s":[8]},{"i":{"x":[0.667],"y":[1]},"o":{"x":[0.333],"y":[0]},"t":289,"s":[58]},{"i":{"x":[0.667],"y":[1]},"o":{"x":[0.333],"y":[0]},"t":383,"s":[9]},{"i":{"x":[0.667],"y":[1]},"o":{"x":[0.333],"y":[0]},"t":484,"s":[59]},{"t":599,"s":[0.8]}],"ix":1},"e":{"a":1,"k":[{"i":{"x":[0.667],"y":[1]},"o":{"x":[0.333],"y":[0]},"t":0,"s":[1.185]},{"i":{"x":[0.667],"y":[1]},"o":{"x":[0.333],"y":[0]},"t":89,"s":[64.185]},{"i":{"x":[0.667],"y":[1]},"o":{"x":[0.333],"y":[0]},"t":186,"s":[8.385]},{"i":{"x":[0.667],"y":[1]},"o":{"x":[0.333],"y":[0]},"t":289,"s":[58.385]},{"i":{"x":[0.667],"y":[1]},"o":{"x":[0.333],"y":[0]},"t":383,"s":[9.385]},{"i":{"x":[0.667],"y":[1]},"o":{"x":[0.333],"y":[0]},"t":484,"s":[59.385]},{"t":599,"s":[1.185]}],"ix":2},"o":{"a":1,"k":[{"i":{"x":[0.667],"y":[0.78]},"o":{"x":[0.333],"y":[0.219]},"t":0,"s":[47.4]},{"i":{"x":[0.667],"y":[0.886]},"o":{"x":[0.333],"y":[0.114]},"t":89,"s":[189.4]},{"i":{"x":[0.667],"y":[0.828]},"o":{"x":[0.333],"y":[0.172]},"t":186,"s":[487.4]},{"i":{"x":[0.667],"y":[0.875]},"o":{"x":[0.333],"y":[0.124]},"t":289,"s":[697.4]},{"i":{"x":[0.667],"y":[0.807]},"o":{"x":[0.333],"y":[0.192]},"t":383,"s":[962.4]},{"i":{"x":[0.667],"y":[0.882]},"o":{"x":[0.333],"y":[0.118]},"t":484,"s":[1146.4]},{"t":599,"s":[1487.4]}],"ix":3},"m":1,"ix":2,"nm":"Trim Paths 1","mn":"ADBE Vector Filter - Trim","hd":false},{"ty":"st","c":{"a":0,"k":[0,0.980882287025,1,1],"ix":3},"o":{"a":0,"k":100,"ix":4},"w":{"a":1,"k":[{"i":{"x":[0.833],"y":[0.833]},"o":{"x":[0.167],"y":[0.167]},"t":0,"s":[40.4]},{"i":{"x":[0.833],"y":[0.833]},"o":{"x":[0.167],"y":[0.167]},"t":20,"s":[36.3]},{"i":{"x":[0.833],"y":[0.833]},"o":{"x":[0.167],"y":[0.167]},"t":23,"s":[60.5]},{"i":{"x":[0.833],"y":[0.833]},"o":{"x":[0.167],"y":[0.167]},"t":26,"s":[31.3]},{"i":{"x":[0.833],"y":[0.833]},"o":{"x":[0.167],"y":[0.167]},"t":33,"s":[36.3]},{"i":{"x":[0.833],"y":[0.833]},"o":{"x":[0.167],"y":[0.167]},"t":45,"s":[39.1]},{"i":{"x":[0.833],"y":[0.833]},"o":{"x":[0.167],"y":[0.167]},"t":50,"s":[55.1]},{"i":{"x":[0.833],"y":[0.833]},"o":{"x":[0.167],"y":[0.167]},"t":59,"s":[65.7]},{"i":{"x":[0.833],"y":[0.833]},"o":{"x":[0.167],"y":[0.167]},"t":70,"s":[34.8]},{"i":{"x":[0.833],"y":[0.833]},"o":{"x":[0.167],"y":[0.167]},"t":76,"s":[37.8]},{"i":{"x":[0.833],"y":[0.833]},"o":{"x":[0.167],"y":[0.167]},"t":98,"s":[42.6]},{"i":{"x":[0.833],"y":[0.833]},"o":{"x":[0.167],"y":[0.167]},"t":140,"s":[39.4]},{"i":{"x":[0.833],"y":[0.833]},"o":{"x":[0.167],"y":[0.167]},"t":148,"s":[57.7]},{"i":{"x":[0.833],"y":[0.833]},"o":{"x":[0.167],"y":[0.167]},"t":154,"s":[64]},{"i":{"x":[0.833],"y":[0.833]},"o":{"x":[0.167],"y":[0.167]},"t":165,"s":[34.5]},{"i":{"x":[0.833],"y":[0.833]},"o":{"x":[0.167],"y":[0.167]},"t":197,"s":[38.8]},{"i":{"x":[0.833],"y":[0.833]},"o":{"x":[0.167],"y":[0.167]},"t":215,"s":[43.7]},{"i":{"x":[0.833],"y":[0.833]},"o":{"x":[0.167],"y":[0.167]},"t":219,"s":[55]},{"i":{"x":[0.833],"y":[0.833]},"o":{"x":[0.167],"y":[0.167]},"t":231,"s":[65.3]},{"i":{"x":[0.833],"y":[0.833]},"o":{"x":[0.167],"y":[0.167]},"t":244,"s":[37.7]},{"i":{"x":[0.833],"y":[0.833]},"o":{"x":[0.167],"y":[0.167]},"t":252,"s":[42.635]},{"i":{"x":[0.833],"y":[0.833]},"o":{"x":[0.167],"y":[0.167]},"t":261,"s":[36.5]},{"i":{"x":[0.833],"y":[0.833]},"o":{"x":[0.167],"y":[0.167]},"t":264,"s":[58.5]},{"i":{"x":[0.833],"y":[0.833]},"o":{"x":[0.167],"y":[0.167]},"t":265,"s":[61.24]},{"i":{"x":[0.833],"y":[0.833]},"o":{"x":[0.167],"y":[0.167]},"t":269,"s":[32.2]},{"i":{"x":[0.833],"y":[0.833]},"o":{"x":[0.167],"y":[0.167]},"t":281,"s":[39.5]},{"i":{"x":[0.833],"y":[0.833]},"o":{"x":[0.167],"y":[0.167]},"t":322,"s":[32.5]},{"i":{"x":[0.833],"y":[0.833]},"o":{"x":[0.167],"y":[0.167]},"t":341,"s":[32.5]},{"i":{"x":[0.833],"y":[0.833]},"o":{"x":[0.167],"y":[0.167]},"t":355,"s":[37.6]},{"i":{"x":[0.833],"y":[0.833]},"o":{"x":[0.167],"y":[0.167]},"t":368,"s":[51.6]},{"i":{"x":[0.833],"y":[0.833]},"o":{"x":[0.167],"y":[0.167]},"t":397,"s":[62.5]},{"i":{"x":[0.833],"y":[0.833]},"o":{"x":[0.167],"y":[0.167]},"t":411,"s":[42.5]},{"i":{"x":[0.833],"y":[0.833]},"o":{"x":[0.167],"y":[0.167]},"t":416,"s":[32.2]},{"i":{"x":[0.833],"y":[0.833]},"o":{"x":[0.167],"y":[0.167]},"t":422,"s":[37.7]},{"i":{"x":[0.833],"y":[0.833]},"o":{"x":[0.167],"y":[0.167]},"t":428,"s":[40.338]},{"i":{"x":[0.833],"y":[0.833]},"o":{"x":[0.167],"y":[0.167]},"t":435,"s":[31.5]},{"i":{"x":[0.833],"y":[0.833]},"o":{"x":[0.167],"y":[0.167]},"t":439,"s":[62.8]},{"i":{"x":[0.833],"y":[0.833]},"o":{"x":[0.167],"y":[0.167]},"t":443,"s":[29.9]},{"i":{"x":[0.833],"y":[0.833]},"o":{"x":[0.167],"y":[0.167]},"t":450,"s":[40.4]},{"i":{"x":[0.833],"y":[0.833]},"o":{"x":[0.167],"y":[0.167]},"t":462,"s":[33.4]},{"i":{"x":[0.833],"y":[0.833]},"o":{"x":[0.167],"y":[0.167]},"t":467,"s":[31]},{"i":{"x":[0.833],"y":[0.833]},"o":{"x":[0.167],"y":[0.167]},"t":471,"s":[44]},{"i":{"x":[0.833],"y":[0.833]},"o":{"x":[0.167],"y":[0.167]},"t":492,"s":[60.2]},{"i":{"x":[0.833],"y":[0.833]},"o":{"x":[0.167],"y":[0.167]},"t":515,"s":[60.2]},{"i":{"x":[0.833],"y":[0.833]},"o":{"x":[0.167],"y":[0.167]},"t":540,"s":[51.6]},{"i":{"x":[0.833],"y":[0.833]},"o":{"x":[0.167],"y":[0.167]},"t":554,"s":[31.2]},{"i":{"x":[0.833],"y":[0.833]},"o":{"x":[0.167],"y":[0.167]},"t":571,"s":[35.3]},{"t":599,"s":[40.4]}],"ix":5},"lc":2,"lj":1,"ml":4,"bm":0,"nm":"Stroke 1","mn":"ADBE Vector Graphic - Stroke","hd":false},{"ty":"tr","p":{"a":0,"k":[0,0],"ix":2},"a":{"a":0,"k":[0,0],"ix":1},"s":{"a":0,"k":[100,100],"ix":3},"r":{"a":0,"k":0,"ix":6},"o":{"a":0,"k":100,"ix":7},"sk":{"a":0,"k":0,"ix":4},"sa":{"a":0,"k":0,"ix":5},"nm":"Transform"}],"nm":"Shape 2","np":4,"cix":2,"bm":0,"ix":1,"mn":"ADBE Vector Group","hd":false}],"ip":0,"op":600,"st":0,"ct":1,"bm":0},{"ddd":0,"ind":3,"ty":4,"nm":"Shape Layer 5","sr":1,"ks":{"o":{"a":0,"k":100,"ix":11},"r":{"a":0,"k":0,"ix":10},"p":{"a":0,"k":[400,400,0],"ix":2,"l":2},"a":{"a":0,"k":[0,0,0],"ix":1,"l":2},"s":{"a":0,"k":[100,100,100],"ix":6,"l":2}},"ao":0,"shapes":[{"ty":"gr","it":[{"ind":0,"ty":"sh","ix":1,"ks":{"a":0,"k":{"i":[[-34,55.997],[-38.367,142.129],[-2.003,10.398],[50.994,2.78],[84.921,-22.058],[45.033,-26.112],[13.197,-17.998],[-7.026,-8.266],[-13.661,-4.554],[-53.954,1.798]],"o":[[28.846,-47.511],[35.779,4.325],[6.5,-33.75],[-62.69,-3.418],[-65.626,17.046],[-38.804,22.5],[-7.323,9.987],[3.426,4.031],[121.91,40.638],[60,-2]],"v":[[75,744.503],[216.221,138.425],[269.5,111.5],[200.527,57.513],[-39,98.5],[-212.02,166.103],[-278.197,218.248],[-281.5,260.25],[-257.81,277.93],[392.5,368]],"c":false},"ix":2},"nm":"Path 1","mn":"ADBE Vector Shape - Group","hd":false},{"ty":"tm","s":{"a":1,"k":[{"i":{"x":[0.667],"y":[1]},"o":{"x":[0.333],"y":[0]},"t":0,"s":[0.8]},{"i":{"x":[0.667],"y":[1]},"o":{"x":[0.333],"y":[0]},"t":89,"s":[63.8]},{"i":{"x":[0.667],"y":[1]},"o":{"x":[0.333],"y":[0]},"t":186,"s":[8]},{"i":{"x":[0.667],"y":[1]},"o":{"x":[0.333],"y":[0]},"t":289,"s":[58]},{"i":{"x":[0.667],"y":[1]},"o":{"x":[0.333],"y":[0]},"t":383,"s":[9]},{"i":{"x":[0.667],"y":[1]},"o":{"x":[0.333],"y":[0]},"t":484,"s":[59]},{"t":599,"s":[0.8]}],"ix":1},"e":{"a":0,"k":88,"ix":2},"o":{"a":1,"k":[{"i":{"x":[0.667],"y":[0.78]},"o":{"x":[0.333],"y":[0.219]},"t":0,"s":[47.4]},{"i":{"x":[0.667],"y":[0.886]},"o":{"x":[0.333],"y":[0.114]},"t":89,"s":[189.4]},{"i":{"x":[0.667],"y":[0.828]},"o":{"x":[0.333],"y":[0.172]},"t":186,"s":[487.4]},{"i":{"x":[0.667],"y":[0.875]},"o":{"x":[0.333],"y":[0.124]},"t":289,"s":[697.4]},{"i":{"x":[0.667],"y":[0.807]},"o":{"x":[0.333],"y":[0.192]},"t":383,"s":[962.4]},{"i":{"x":[0.667],"y":[0.882]},"o":{"x":[0.333],"y":[0.118]},"t":484,"s":[1146.4]},{"t":599,"s":[1487.4]}],"ix":3},"m":1,"ix":2,"nm":"Trim Paths 1","mn":"ADBE Vector Filter - Trim","hd":false},{"ty":"st","c":{"a":0,"k":[0,1,0.033364105225,1],"ix":3},"o":{"a":0,"k":100,"ix":4},"w":{"a":0,"k":63,"ix":5},"lc":1,"lj":1,"ml":4,"bm":0,"nm":"Stroke 1","mn":"ADBE Vector Graphic - Stroke","hd":false},{"ty":"tr","p":{"a":0,"k":[0,0],"ix":2},"a":{"a":0,"k":[0,0],"ix":1},"s":{"a":0,"k":[100,100],"ix":3},"r":{"a":0,"k":0,"ix":6},"o":{"a":0,"k":100,"ix":7},"sk":{"a":0,"k":0,"ix":4},"sa":{"a":0,"k":0,"ix":5},"nm":"Transform"}],"nm":"Shape 1","np":4,"cix":2,"bm":0,"ix":1,"mn":"ADBE Vector Group","hd":false}],"ip":0,"op":600,"st":0,"ct":1,"bm":0}]}],"layers":[{"ddd":0,"ind":1,"ty":4,"nm":"Shape Layer 1","sr":1,"ks":{"o":{"a":0,"k":100,"ix":11},"r":{"a":0,"k":0,"ix":10},"p":{"a":0,"k":[302,293,0],"ix":2,"l":2},"a":{"a":0,"k":[0,0,0],"ix":1,"l":2},"s":{"a":0,"k":[100,100,100],"ix":6,"l":2}},"ao":0,"shapes":[{"ty":"gr","it":[{"ind":0,"ty":"sh","ix":1,"ks":{"a":0,"k":{"i":[[0,0]],"o":[[0,0]],"v":[[-722,-352]],"c":false},"ix":2},"nm":"Path 1","mn":"ADBE Vector Shape - Group","hd":false},{"ty":"st","c":{"a":0,"k":[0.077849324544,1,0,1],"ix":3},"o":{"a":0,"k":100,"ix":4},"w":{"a":0,"k":63,"ix":5},"lc":1,"lj":1,"ml":4,"bm":0,"nm":"Stroke 1","mn":"ADBE Vector Graphic - Stroke","hd":false},{"ty":"fl","c":{"a":0,"k":[0.258157617906,0.499682557349,0.70090379902,1],"ix":4},"o":{"a":0,"k":100,"ix":5},"r":1,"bm":0,"nm":"Fill 1","mn":"ADBE Vector Graphic - Fill","hd":false},{"ty":"tr","p":{"a":0,"k":[0,0],"ix":2},"a":{"a":0,"k":[0,0],"ix":1},"s":{"a":0,"k":[100,100],"ix":3},"r":{"a":0,"k":0,"ix":6},"o":{"a":0,"k":100,"ix":7},"sk":{"a":0,"k":0,"ix":4},"sa":{"a":0,"k":0,"ix":5},"nm":"Transform"}],"nm":"Shape 1","np":3,"cix":2,"bm":0,"ix":1,"mn":"ADBE Vector Group","hd":false}],"ip":0,"op":600,"st":0,"ct":1,"bm":0},{"ddd":0,"ind":2,"ty":0,"nm":"LeftMatte","td":1,"refId":"comp_0","sr":1,"ks":{"o":{"a":0,"k":100,"ix":11},"r":{"a":0,"k":0,"ix":10},"p":{"a":0,"k":[302,293,0],"ix":2,"l":2},"a":{"a":0,"k":[400,400,0],"ix":1,"l":2},"s":{"a":0,"k":[100,100,100],"ix":6,"l":2}},"ao":0,"w":800,"h":800,"ip":0,"op":600,"st":0,"bm":0},{"ddd":0,"ind":3,"ty":4,"nm":"FrontLeft 2","tt":1,"tp":2,"sr":1,"ks":{"o":{"a":0,"k":100,"ix":11},"r":{"a":0,"k":0,"ix":10},"p":{"a":0,"k":[173.854,292.779,0],"ix":2,"l":2},"a":{"a":0,"k":[0,0,0],"ix":1,"l":2},"s":{"a":0,"k":[100,100,100],"ix":6,"l":2}},"ao":0,"shapes":[{"ty":"gr","it":[{"ind":0,"ty":"sh","ix":1,"ks":{"a":0,"k":{"i":[[48.503,0.03],[5.557,-4.61],[-0.182,-3.409],[-4.486,-1.904],[-4.103,0],[0,-15.369],[9.579,-32.71],[42.195,-73.254],[0,0],[23.454,0],[2.979,2.389],[-15.671,-13.833],[-15.729,0.545],[-42.867,75.631],[0,0],[0,0],[-25.504,70.563],[-3.529,79.324]],"o":[[-4.808,0.01],[-4.119,3.417],[0.167,3.134],[5.539,2.351],[15.369,0],[-2.336,34.019],[-32.743,89.11],[0,0],[-40.847,65.514],[-3.819,0.026],[-10.662,-8.551],[11.799,10.415],[63.495,0],[0,0],[0,0],[17.221,-32.769],[22.74,-65.068],[0,-43.664]],"v":[[97.147,-292.623],[76.713,-285.794],[70.023,-274.569],[77.056,-262.066],[96.735,-262.282],[115.337,-228.311],[97.402,-127.927],[-1.192,107.09],[-25.091,154.132],[-126.918,259.012],[-137.427,255.359],[-158.085,277.216],[-115.218,292.586],[54.639,128.79],[55.239,127.652],[55.237,127.653],[117.605,-9.794],[163.027,-202.028]],"c":true},"ix":2},"nm":"Path 1","mn":"ADBE Vector Shape - Group","hd":false},{"ty":"fl","c":{"a":0,"k":[0.980392158031,0.058823529631,0,1],"ix":4},"o":{"a":0,"k":100,"ix":5},"r":1,"bm":0,"nm":"Fill 1","mn":"ADBE Vector Graphic - Fill","hd":false},{"ty":"tr","p":{"a":0,"k":[0,0],"ix":2},"a":{"a":0,"k":[0,0],"ix":1},"s":{"a":0,"k":[100,100],"ix":3},"r":{"a":0,"k":0,"ix":6},"o":{"a":0,"k":100,"ix":7},"sk":{"a":0,"k":0,"ix":4},"sa":{"a":0,"k":0,"ix":5},"nm":"Transform"}],"nm":"Group 1","np":2,"cix":2,"bm":0,"ix":1,"mn":"ADBE Vector Group","hd":false}],"ip":-1,"op":600,"st":-394,"ct":1,"bm":0},{"ddd":0,"ind":4,"ty":0,"nm":"RightMatte","td":1,"refId":"comp_1","sr":1,"ks":{"o":{"a":0,"k":100,"ix":11},"r":{"a":0,"k":0,"ix":10},"p":{"a":0,"k":[302,293,0],"ix":2,"l":2},"a":{"a":0,"k":[400,400,0],"ix":1,"l":2},"s":{"a":0,"k":[100,100,100],"ix":6,"l":2}},"ao":0,"w":800,"h":800,"ip":0,"op":600,"st":0,"bm":0},{"ddd":0,"ind":5,"ty":4,"nm":"BackRight","tt":1,"tp":4,"sr":1,"ks":{"o":{"a":0,"k":100,"ix":11},"r":{"a":0,"k":0,"ix":10},"p":{"a":0,"k":[410.076,224.813,0],"ix":2,"l":2},"a":{"a":0,"k":[0,0,0],"ix":1,"l":2},"s":{"a":0,"k":[100,100,100],"ix":6,"l":2}},"ao":0,"shapes":[{"ty":"gr","it":[{"ind":0,"ty":"sh","ix":1,"ks":{"a":0,"k":{"i":[[-0.068,-3.891],[0.829,-2.849],[26.104,5.677],[23.491,18.249],[12.208,12.316],[23.09,38.872],[10.715,29.89],[-9.344,15.944],[-5.999,0.124],[13.71,0.267],[0,0],[8.648,-14.408],[-33.169,-74.416],[-8.924,-13.346],[-20.944,-21.37],[-12.481,-10.902],[-30.333,0],[-5.663,14.964],[17.52,2.602],[5.882,-6.462]],"o":[[-0.006,1.891],[-3.456,10.905],[-28.369,-7.114],[-9.397,-7.3],[-33.121,-33.416],[-10.424,-17.549],[-23.18,-64.665],[2.714,-5.351],[15.028,-0.312],[-0.028,-0.001],[-16.798,0.455],[-20.635,35.592],[12.852,28.834],[16.312,24.396],[9.056,9.24],[67.133,58.642],[41.27,0],[6.526,-21.723],[-14.345,-2.13],[-4.512,4.957]],"v":[[136.475,167.035],[135.374,174.761],[91.037,189.884],[12.509,148.038],[-19.843,118.552],[-102.38,11.711],[-138.819,-59.961],[-153.641,-185.421],[-139.487,-194.317],[-139.075,-224.657],[-139.12,-224.658],[-179.97,-200.798],[-157.286,-10.487],[-118.617,58.172],[-62.747,127.135],[-30.328,157.12],[126.995,224.658],[189.275,191.902],[168.519,155.317],[140.543,158.149]],"c":true},"ix":2},"nm":"Path 1","mn":"ADBE Vector Shape - Group","hd":false},{"ty":"fl","c":{"a":0,"k":[0.980392156863,0.058823529412,0,1],"ix":4},"o":{"a":0,"k":100,"ix":5},"r":1,"bm":0,"nm":"Fill 1","mn":"ADBE Vector Graphic - Fill","hd":false},{"ty":"tr","p":{"a":0,"k":[0,0],"ix":2},"a":{"a":0,"k":[0,0],"ix":1},"s":{"a":0,"k":[100,100],"ix":3},"r":{"a":0,"k":0,"ix":6},"o":{"a":0,"k":100,"ix":7},"sk":{"a":0,"k":0,"ix":4},"sa":{"a":0,"k":0,"ix":5},"nm":"Transform"}],"nm":"Group 1","np":2,"cix":2,"bm":0,"ix":1,"mn":"ADBE Vector Group","hd":false}],"ip":0,"op":600,"st":0,"ct":1,"bm":0},{"ddd":0,"ind":6,"ty":0,"nm":"BottomMatte","td":1,"refId":"comp_2","sr":1,"ks":{"o":{"a":0,"k":100,"ix":11},"r":{"a":0,"k":0,"ix":10},"p":{"a":0,"k":[302,293,0],"ix":2,"l":2},"a":{"a":0,"k":[400,400,0],"ix":1,"l":2},"s":{"a":0,"k":[100,100,100],"ix":6,"l":2}},"ao":0,"w":800,"h":800,"ip":0,"op":600,"st":0,"bm":0},{"ddd":0,"ind":7,"ty":4,"nm":"BottomLine","tt":1,"tp":6,"sr":1,"ks":{"o":{"a":0,"k":100,"ix":11},"r":{"a":0,"k":0,"ix":10},"p":{"a":0,"k":[301.3,454.527,0],"ix":2,"l":2},"a":{"a":0,"k":[0,0,0],"ix":1,"l":2},"s":{"a":0,"k":[100,100,100],"ix":6,"l":2}},"ao":0,"shapes":[{"ty":"gr","it":[{"ind":0,"ty":"sh","ix":1,"ks":{"a":0,"k":{"i":[[12.055,13.735],[37.841,-6.016],[7.995,-1.662],[30.26,-8.282],[23.432,-9.334],[10.111,-53.789],[-11.989,-10.843],[19.616,14.31],[-0.973,5.631],[-56.055,23.085],[-18.959,5.665],[0,0],[-33.622,7.374],[-23.172,3.888],[-34.068,-6.503],[1.549,-14.896],[-2.261,-5.777],[-7.217,20.439]],"o":[[-44.893,-47.72],[-6.157,0.979],[-32.749,6.807],[-18.938,5.183],[-49.746,19.817],[-3.12,15.862],[15.142,13.695],[-4.617,-3.368],[4.326,-25.036],[24.31,-10.012],[39.876,-11.915],[0,0],[2.974,-0.652],[27.699,-4.648],[11.616,2.182],[-0.903,8.677],[9.763,24.949],[6.084,-17.233]],"v":[[288.382,-87.956],[90.21,-111.411],[46.028,-102.579],[-47.896,-80.361],[-128.638,-54.658],[-300.09,72.6],[-285.531,115.468],[-264.873,93.61],[-270.131,78.646],[-152.537,-7.617],[-72.207,-34.097],[5.307,-56.355],[77.935,-73.029],[121.284,-81.676],[220.44,-85.938],[245.25,-62.68],[242.597,-41.792],[298.051,-37.812]],"c":true},"ix":2},"nm":"Path 1","mn":"ADBE Vector Shape - Group","hd":false},{"ty":"fl","c":{"a":0,"k":[0.980392156863,0.058823529412,0,1],"ix":4},"o":{"a":0,"k":100,"ix":5},"r":1,"bm":0,"nm":"Fill 1","mn":"ADBE Vector Graphic - Fill","hd":false},{"ty":"tr","p":{"a":0,"k":[0,0],"ix":2},"a":{"a":0,"k":[0,0],"ix":1},"s":{"a":0,"k":[100,100],"ix":3},"r":{"a":0,"k":0,"ix":6},"o":{"a":0,"k":100,"ix":7},"sk":{"a":0,"k":0,"ix":4},"sa":{"a":0,"k":0,"ix":5},"nm":"Transform"}],"nm":"Group 1","np":2,"cix":2,"bm":0,"ix":1,"mn":"ADBE Vector Group","hd":false}],"ip":0,"op":600,"st":0,"ct":1,"bm":0},{"ddd":0,"ind":8,"ty":4,"nm":"TREFOIL_negative0.8_OFFSET","cl":"8_OFFSET","sr":1,"ks":{"o":{"a":0,"k":20,"ix":11},"r":{"a":0,"k":0,"ix":10},"p":{"a":0,"k":[302,293,0],"ix":2,"l":2},"a":{"a":0,"k":[0,0,0],"ix":1,"l":2},"s":{"a":0,"k":[100,100,100],"ix":6,"l":2}},"ao":0,"shapes":[{"ty":"gr","it":[{"ind":0,"ty":"sh","ix":1,"ks":{"a":0,"k":{"i":[[0,0],[2.854,-5.626],[-23.25,-64.857],[0,0],[0,0],[-2.334,33.989],[8.851,0],[0,0]],"o":[[-6.307,0.131],[-9.383,16.008],[0,0],[0,0],[9.586,-32.734],[0.001,-28.794],[0,0],[0,0]],"v":[[-31.427,-263.304],[-46.278,-253.97],[-31.496,-127.878],[-30.667,-125.564],[-29.976,-127.923],[-12.01,-228.478],[-31.411,-263.304],[-31.419,-263.304]],"c":true},"ix":2},"nm":"Path 1","mn":"ADBE Vector Shape - Group","hd":false},{"ind":1,"ty":"sh","ix":2,"ks":{"a":0,"k":{"i":[[0,0],[14.062,-29.555],[0,0],[0,0],[-36.146,7.513],[0,0],[0,0],[16.671,24.933],[0,0]],"o":[[-11.168,30.902],[0,0],[0,0],[27.9,-7.637],[0,0],[0,0],[-20.339,-20.752],[0,0],[0,0]],"v":[[-11.293,-10.287],[-49.317,80.823],[-50.067,82.399],[-48.384,81.938],[45.491,59.732],[46.924,59.434],[45.899,58.389],[-9.876,-10.46],[-10.755,-11.775]],"c":true},"ix":2},"nm":"Path 2","mn":"ADBE Vector Shape - Group","hd":false},{"ind":2,"ty":"sh","ix":3,"ks":{"a":0,"k":{"i":[[11.753,0],[17.862,-2.997],[0,0],[0,0],[-24.614,-6.173],[-4.553,0],[-2.655,8.381],[-0.09,0.393],[0,0],[-0.029,0.174],[-0.4,3.206],[9.531,1.791]],"o":[[-24.504,0],[0,0],[0,0],[28.427,22.083],[5.127,1.115],[18.599,0],[0.206,-0.708],[0,0],[0.038,-0.173],[0.012,-0.107],[0.057,-16.848],[-9.882,-1.886]],"v":[[187.282,71.96],[120.452,79.062],[118.653,79.364],[120.094,80.483],[198.919,122.474],[213.494,124.152],[244.213,106.816],[244.644,105.17],[244.688,104.967],[244.794,104.447],[245.345,98.947],[219.888,74.803]],"c":true},"ix":2},"nm":"Path 3","mn":"ADBE Vector Shape - Group","hd":false},{"ind":3,"ty":"sh","ix":4,"ks":{"a":0,"k":{"i":[[0,0],[4.453,-25.769],[-4.54,-3.663],[-3.946,0],[0,0],[-41.707,66.893],[0,0]],"o":[[-54.545,22.463],[-1.069,6.184],[3.081,2.471],[0,0],[23.432,0],[0,0],[0,0]],"v":[[-153.542,153.171],[-271.619,240.037],[-266.075,255.76],[-255.179,259.591],[-255.059,259.59],[-152.558,154.333],[-151.243,152.224]],"c":true},"ix":2},"nm":"Path 4","mn":"ADBE Vector Shape - Group","hd":false},{"ind":4,"ty":"sh","ix":5,"ks":{"a":0,"k":{"i":[[0.701,0],[11.109,9.806],[-3.054,15.524],[-13.496,13.754],[-19.368,12.379],[-13.041,5.195],[0,0],[0,0],[-19.229,54.081],[0,0],[0,0],[-20.239,34.908],[-16.611,0.449],[-11.462,-18.93],[0,-23.909],[16.561,-46.001],[0,0],[0,0],[-32.52,-32.81],[0,0],[0,0],[-2.282,0.32],[-33.423,0],[-19.57,-20.803],[5.98,-16.938],[40.771,0],[27.554,9.696],[29.462,25.735],[0,0],[0,0],[0.39,-0.093],[39.428,-11.781],[0,0],[0,0],[63.271,0]],"o":[[-14.817,0],[-11.876,-10.453],[2.327,-12.381],[11.595,-11.817],[41.63,-26.608],[0,0],[0,0],[37.03,-64.286],[0,0],[0,0],[-33.404,-74.945],[8.545,-14.237],[22.034,0.014],[9.438,15.586],[-2.172,48.807],[0,0],[0,0],[23.871,40.188],[0,0],[0,0],[1.865,-0.254],[19.312,-2.717],[50.848,0],[11.832,13.48],[-5.561,14.69],[-14.26,0],[-31.719,-11.163],[0,0],[0,0],[-33.244,7.291],[-0.403,0.11],[0,0],[0,0],[-42.236,74.517],[-0.731,0.024]],"v":[[-245.497,291.602],[-285.701,276.395],[-300.004,234.282],[-276.159,194.899],[-229.496,158.433],[-129.042,107.612],[-128.784,107.509],[-128.645,107.268],[-48.457,-78.405],[-48.35,-78.707],[-48.48,-78.999],[-71.202,-268.584],[-31.023,-292.045],[19.445,-263.495],[34.081,-202.25],[5.851,-59.352],[4.818,-56.387],[5.009,-56.067],[87.665,50.928],[87.966,51.231],[89.663,50.902],[95.916,50.032],[180.976,42.769],[287.1,74.12],[296.597,123.449],[235.071,155.671],[170.476,143.939],[78.274,88.331],[77.449,87.632],[77.064,87.717],[4.422,104.395],[-73.136,126.664],[-73.458,126.761],[-74.214,128.195],[-243.363,291.565]],"c":true},"ix":2},"nm":"Path 5","mn":"ADBE Vector Shape - Group","hd":false},{"ty":"fl","c":{"a":0,"k":[0.556862745098,0.556862745098,0.556862745098,1],"ix":4},"o":{"a":0,"k":100,"ix":5},"r":1,"bm":0,"nm":"Fill 1","mn":"ADBE Vector Graphic - Fill","hd":false},{"ty":"tr","p":{"a":0,"k":[0,0],"ix":2},"a":{"a":0,"k":[0,0],"ix":1},"s":{"a":0,"k":[100,100],"ix":3},"r":{"a":0,"k":0,"ix":6},"o":{"a":0,"k":100,"ix":7},"sk":{"a":0,"k":0,"ix":4},"sa":{"a":0,"k":0,"ix":5},"nm":"Transform"}],"nm":"Group 1","np":6,"cix":2,"bm":0,"ix":1,"mn":"ADBE Vector Group","hd":false}],"ip":0,"op":600,"st":0,"ct":1,"bm":0}],"markers":[],"props":{}}