{"file_hashes":[{"block_hashes":["OG4sChbix/fkGiINKlEkGznSMChcesA5YBa4orjaTBE="],"block_size":4096,"path":"assets/ai.svg"},{"block_hashes":["OyhH9qtfDl79NFMXxGfDBUhLGhXuhFgI2jVMfq90gU0=","YUtTwfhgAQMs0ONWcKn4lhooWj8Kw7nirmt+O5Qj1DA="],"block_size":4096,"path":"assets/exclamation.png"},{"block_hashes":["heM+wmzh6emefvXZbiIEhQN7MMrz/HJpbF3J73r8gIc="],"block_size":4096,"path":"assets/icon-warning-alt.svg"},{"block_hashes":["HEWVOmx6ksSAd6AwgxriqIkULRJjcOaxpUtqCJnGQwM="],"block_size":4096,"path":"assets/logo-credential-protection-lod.svg"},{"block_hashes":["VLeXTJqq6ux9iJULhacAibUnDF/1RA+niPPhJjwXyko="],"block_size":4096,"path":"assets/logo-hp-lod.svg"},{"block_hashes":["HVwFFpEG8X2ZOvXPSXsTE1ar1G9a2yxcs33wWbHUH8k=","dPh9/AhoG1vOdi/XbZGm9AL3Vgza9rwvCErU8Vq7aH8="],"block_size":4096,"path":"assets/logo-wolf-lod.svg"},{"block_hashes":["E0d0dfmT0GR0Ku8Bv0SrHPdGpuP0KahvqhD67d8MAuw="],"block_size":4096,"path":"assets/play.png"},{"block_hashes":["yyziKzz8/6qapFgoHSKKhHePCvtw9UMNTVZDLLary7U=","TnhsZ6VCbBJAWGzMeBRo6ZB7FGLGRfiHbz6fY2CriwA=","vu9rJeBq5h/Y27jhixMJQW9qM2++KMgHwpVgJ2hyQVY=","srburijHfvv03EYdzScnMp+qDvif/KPgj8/wIAOO9Mc=","n/yjqEuxKTk4QzCwbePTqsIfYbBWA6gslQEnbAdzAhA=","VJsts1N1ijPc9XLq5jpFlJz3Gqiv8t9wcwXjksfeAzs=","d2AzD4aFAiBIiLFyA5x01VqCtoXb3kvcZdt/FqNzEBs=","LFlClhjS4QmVkF1llnKqohTmHv4RyT7srYjfLHQ/oUg=","DSHLGogmNy5T/TIFUjRQKbkpRU0rvRH/zpdnRp9KnT4=","N3KTiHinJGEiFctb+mDqIY5meC5KoITvQ2Ktt7ZB9xs=","ZG6q8wzLWWKL76DUVY39pjk3adZ6l3+YBXQTxltFVhM=","lI2ydD7qEcWNeAonSXT4aKuIbq7tOTw6sGDLE996Eoc=","PGkOYRyWnhIfbJnwLUUWY9C8lBOAM3KSbBNazMUaMvU=","H+C2g5XKF+IMU7nc5Awx0MQGcmy4jhL5htsgDlWN/2w=","nVHuopPDOKyQn8SYLHOYbfwKPYT4XGwlEvig7CKFz9U=","FqxBu9yoApgNBDoeg6SliGB7mGM/zu8xdhKunc0SXYA=","sFTjmmbWO7iocJYEdaiQ4dTz2WKlKscGRprr7woK1mU=","usMC5XL+CZjlE7d2bPW9svsVQDlcxWSV+9xGa68Jk0Y=","nEHhEpE9zT210ncPyeRlOnftuUXnvox57wvyDW4yjBs=","CTmUKdMO2h//vBlKcrinGjcs93yHEdxQhfqUszpegNY=","F+6ptamQ8GxqEy8h49XcVy+e8/8CQdcGliEiRPfSi8E=","hxeVP5hzaOGlAIotcMJLRy37/jf1fbEpS5Lp6xVf6/0=","zsht7vfyFKTpRUu2//u5p8Xf2HP2emDjPGwvVen2NeU=","f2CsP5HBSCq3M/sUZtcp1F/+w0Cr4scvDElawMXJiNE=","wtpOsETMZnuQHXxz4joq4Eng5RhwG7mEM7glVu3EkGs=","0U3J0mSPamo8/LaBti1Cg7NYSa6OOTDFDRae0x7kiyw=","VWhg1NghUJiFKLvDQB1QUvNKlyGBSt06hWR4NR5cJIA=","oU8BHh8JXJyQUHk5nO9F/vVrnqKuGkt4HklV0d0j/Sk=","05dOTN+SlYJJNtUBbco0EdR9dpK7F2bTREhciL5A8Ao=","ugzIuDmG/i5/yedVsI3HZw2IGzENfTNkKyzalmoyW84=","lIx9p+tQuNHX+EqkTVz4aMdmVwF+HvjIXhYX4JiL51o=","l+elFGM/9+Y6sYt6EE3Lve5aynAWlOeqnIxhAWLbrbg=","LmFfPbPC+MU47sZeL0IqMI07OMwgAkYapxJ1gIX4sGM=","TSyqspudOSai+lPJBeXm8Fo4RP/J+DKho1N5x21ds2c=","6dqVLUJ0bZiJWInXn+Ykr9Qe3Siq1SJ+9NqYFiIispw=","0+6b/7T7bc9GKk3aUlqMtKo3+GBuB46Zwx3BMmjksnc=","E/DlBKTfgjBypo+dnRRN6Mmhls3xej/2QmznHiSzlsI=","7rit/k78gEvsy+XVwHgEd96MJ7I9pWlbhgv+ZqnBFXw=","uYp1naRs018W9kwVBAZJQCHCs/e50pe33STJmQsrN+Y=","6u8fsRvwGQgFgvuS7TLNQu+1CgkUSp/HcZj3zOFvkdA=","kKF1TtQDIhrNujRVUuiG+6YjwaH5Hoqdb2aJWlkzcYk=","FBbFdx1/VDyO82bBdDnZWg2oSw3OVtn2vp7E+wKospQ=","h5Lq1KVlwHI5I/cClbYcTOcKvfN0KnUR/Fobw0SPioU=","IACCo1XvZYFAGvaOJ9/ZzljKL14BihI/8+M8AzLl9Yc=","1YdqIGxzxTTDs3UOugboj61cDbpozFh4zTkgkurPTfA=","hwjb27pdH5WojUjBjws+aGD4Ttyu9Okp/fy5q/TfqEA=","D54EoBrFvvuzEfuZfrT7A73UhmbGr/+w9ZAYPsdtlZo=","OLaOjdf3fnlO2RVeiOBZWumsRCgfmZsMXPYSRGMpnxc=","0f0zDTvlMQXWqoDULf1n6K2RQWVfWwpdxPiXmtZvook=","0+mMbIsrnXUu05q2GajjwLOyB4fAhWecZpEGRtn7Uxo=","N/EW+ZXde8E+1n0Ik5kWJ6Tzbuui05gBK9geydrWPXs=","9kN1ZtsyZeUJim+yFRMFB83odgVijRJm7+O4Xvki6ZA=","FBLdrTeRNsaCc69Wzu2H2s0vTKSqg1XrUkXkLJqCovY=","sXxOhKxpmuU+RSABatYt+BWxUdPVUysp64U06RzftSg="],"block_size":4096,"path":"assets/superhero.png"},{"block_hashes":["lcanb3xl/VYvIvlNucUSheT4i+WfEAFCmtpJeflEjss="],"block_size":4096,"path":"base-style.css"},{"block_hashes":["fpbpjq4tivJFoAEW8puIHANm+eWkqjsuycH9Tvo4oBc="],"block_size":4096,"path":"blocked-file-page.html"},{"block_hashes":["LgP3f7WV2cjOZdGSO6azeYmqoeaz05G2MoP1mDeyBfM="],"block_size":4096,"path":"blocked-page.css"},{"block_hashes":["WFmbQXv2emBo5OyE/inovixMbDdpCMdG8zxZJATwBJI=","UY5AM8U/2eZmHYHJGb7ETmqZryJrFjKrMccukJSeMQM="],"block_size":4096,"path":"blocked-page.html"},{"block_hashes":["ffahebALsGD3pUJfX0D+0MKzmF7D2/6GaLlHZMUbf+c=","Ua2mmGBuis356cptlHxvSV3zccbuxZlSEpqXQf9cBFU=","TMa58SGAi77QIORjcMCzMQBcQxJ8lZUCRnlBh33IpBI=","uOvkNQgVdb8qYMh2TtpJc1k/VFB5OzAmbDGOphgR0r8=","dbBE/tU/Jy61cOh1FnCLz2l7kjKAzbEWa27Vq6UXeCI=","L5C+DuPmeZddQ+ZNZpWTGibmlHVWkOHfCa0s3eBpYyk=","pwk6oarggTr41ZVTLRCZQnslkpBnouiD+KqXkCJYzxQ=","nu7dkkYMAg26DFzChe2qQIUtTQkERXT05Wq/klAkMiw=","USbtSrNzYmHut5kfdyECdY7xvYJIOcbdnCFMZa33UjY=","El85E5aimPZ8dJUPQZ9d7xsimIsSlXK8TeFsR2RGrXM="],"block_size":4096,"path":"bulma-tooltip.min.css"},{"block_hashes":["or1fZ0136kF4smQlEutaLkF2+M/qy0QHWsE+ACMEdtA=","el7rWuDgur9UdoYfXyzC5gY1Mie1U44b1g9VcKwlWOE=","RRjy7bQnHj6rHUobCBHiODF9WJFATLmIuNppp5RLYKI=","2A0lXS+aHcyjH/Tl3DqDaUb29RICmu2odc9ixjpU6C0=","evwS3io8IpV0yVUHHPOMJPbhp4Il0q2XxRTVGh8Jrew=","iZirfT/h9Vp8YLSRUE/CX3iy84CQPgzxf1xg4tNW+VY=","la6h3Yd1N0fqSC9nfyBDf4UrSySuOGHNtYUfJd27Xww=","NxYIQ8xYRVY7gU1ToviMAk0uCElS8vhHPcyuguzxe68=","Bmr68vfcvI1yEXHlTzhnDejSz2hlJzJzelSrqRt8geE=","/pt05hMJenMfu5RwiF9A+jyP51w7l8zkP02h/JpVUe4=","NlTNztR+rCCd6gTKfwrkcEQvf585zvXhXduEPzJIjnU=","AVGXn2zQLT2CuI8OyYuaTw93emUhYjbRrlYGNLbIjNk=","u8AzBz6XGTDs743uWU9gNsfwqSH+czUe5Esd3HKvow8=","vEmzEbFiDYx8bMSYcnVYPYRCoekbSjyiG/EC9olDM1c=","Hh2PSGW8O7zCsdtaDEVh5y7/kYVf74KjUOsZNcyScEA=","GjDGdNvvXmBUxPdREah44p8vXyqCh+HWHGQQEvgNklI=","qlVDAAShFIAZ1hz+5zXFw48GCVQTF1/nbTAqVPpwpjI=","pBV6mlT2U7eYpRTSZ2S9FSbFgHChIBanTtSYUZq/Q78=","+jqGQkHUbpCnIJlVebNB8E3rE5ubg1cQb/4vrMtcTOU=","XOSQ7JUk6GOtkSpF1UBfEfg/6A3DFtpcpfsHWjHIvZ0=","t8H/a5l7SgpOJ9NlN+oEuMHNF/8Kw0HF3JUS0u+0AMU=","6Zo7fCTVaS2zIPC/bC6dq5/n0nNLCIpxCjqBiW21ld0=","BZw+4JBSyIg4AW1A9WeKnJcvURbTE7QgNYoLVCWiAU4=","SALfL6dHxUImzxWGW1yHzflI1jgFw37e5xnuvmF7npc=","LTd6zWbDzziMtgahjYX7BZePI9bLBCSXP3SPBzU6GfI=","wKg4rWYt6n58jwlwyM535rY+uwgH8ySIAbJ9xz1dRAU=","fZyOh+ivtTa5TaA65Cfhne873V8IeozIU1+xdJMy5po=","R5UkKIJ3/lfBb3VJKLHovl62wsbLah8nKxuHMUS4/TM=","DB8J4HPYttUjjqBFpHxY+KUGQs9Xv2deFOe6uyNFoGQ=","sr57qPbrNzcuDbxwD4b/dTZPsB62wIjYt0kYqK+IfhM=","b1A75niQ3nCj1uZSYV7e/UDh553IXq+Bm5uHyKoA8Q8=","YBSBPDyfHFMO7Rtz+v3JNGaa2xTM5DyUixXodBjW1UY=","SZ18+wQnXZnSpSsNChfdXEDU+z1fyLVDkQtXhtGOw9Q=","xPkHS57v5YZAe+3WrGXh0Z+xK9Xp6wzQZZwnVQeTf4o=","rSKGSWyzaQnQ/oWvOMFxVJS78D2YAsJOKsRbYodc2QQ=","421YhlTNBMZ7XczLqnZ1wYORuAQmFjtOzhyDaVYX3jU=","SP4p7odJX061slhu426TphgxUI17Rb0xyf5dQgOBzpU=","znimpXFemQZRVbYhjq5TfFAodQouKvsJSaaZALQneDw=","zG1vuYwfAIZH13Du75Ge4D36Ej0TtqPp+7W4XUUqKck=","l4v74m+CtQxrZBVkRuH48+IRafm3FpgbjZ4hDw0Gjpw=","nX7VDfUlY8f7R8Bx/i8TT0WvzNRc0aAU5l/tX4v/Giw=","rAkzozHtHbuIvdJOea9MzI//0hlkVCC8fQRghVyyBlA=","WJlPNSRl6mAFEWUnhvx5mzk5e549ZQ0d5oDBZBiVNfo=","pcXPG29xflI1IT+BMbNR/wymJW+bAVUdeIeyvVtfgzE=","sQkm+I/LvxKXa+PQbMfK4NFleVFa9HSXau0R8zeVsCk=","Jo0iEvnhCefPAY7ENdTynsSup6XkHigRS0ZcUQ+t/aY=","/gb7ArV5+tUA31dHgt21xL+bbrfaY+lQ71UsLj/DL2s="],"block_size":4096,"path":"bulma.min.css"},{"block_hashes":["V0+KyV+SZUQUGqEzOmyAUuLzvqkbuu1QRumJfGmbRQY="],"block_size":4096,"path":"external-app-link-page-v1.html"},{"block_hashes":["BaJV28ewxNdaxcceNgIXrhytcrhTSM+hWP7NjZJKZ+c="],"block_size":4096,"path":"font.css"},{"block_hashes":["ytS5sMEROiQ970Ig9wdBojPOfm0f2hqzzhQlb6cYREo=","Ku8aG4c4uANNc8NbG6oONLFz1THGFRrbei4N7JzB2uw=","V92s+4ZEJma34M7+/t8p1OmWNZ1+7yob9yLp5mQvKT8=","XQ4Axlddd+m/5/rr9Ey2JDZq9FIBu8CFbjUOhI3Lzwg=","JnVcTZYbxr45tRExITYZLTRWjQcTa5c0gGom9d17aYY=","f2PCBZQIfsXc5omhjyijYPGGFmrQyN6zxX0l3j1waSI=","fWx3BfIwvO1/canrQVhsdMwiwZTkElCNQvy85Rrn6Ic=","kvunSyzwE74AqyUvsKn7XwlUxIQAajLN/iP5AGJzW1g=","GurgSPm/gM2bPOxanyX3ev84x7XPQXirZfynB6bLMzM=","pccFt2WWCg/EGvRYUfu/CQRsxuzIRzStJZ4/VBFiLZ8=","y7ofbG07N5UdxIcozjM+K0hr69o+VMGQWXjme4RN90c=","McCiqSeVe43d0al1Kj30JHdntC7MbmD3+WSo+UHq4so=","o5Xxko520+fkCSQDgD5c8eCJmWpABypOjslZWpA4vzs=","IKoscj+hbn+iDd75weJg008YU7tiMwnKK9YZ1B1Ngs0=","24VjsljHzvDvDnlLqxsjCl416FMm+O5hyKD4pjrHyrA=","JMRyI4w6xbC6rwXHkTwdpilAspMPlN2xXLOzDziW0zQ=","bmzeIPbhOJJsJR+pAtSuOAFskfbWdUmRQy+tTbIo4I0=","INUaA5rhyPDH3jEA3VukQ1IfZ4kGtJJRN8SIP4s6+yA=","tBS457XXXRu/G64veIA4PHKENEhI+FKZCYr+9EVnMvI=","+USGEcNjzr9/V5d6IZIXJosLq1eInUMfH372b5s8V6k=","NvPIZAENRgz7fxN5ywH3P5MNbTgArlFbYY18xl4ROqM=","R04O4VSnhQJs5lqa6iXvChjXcBnEwVgE6XQOtu61C/A=","V5ZMkz3NHck9PBOLxymy2y7HP2iYPLccXrifdZP7eh0=","sI/hjoGmwPHvkXJaCClH321iDn+z5CHEdkzE2ItuYuA=","1qXgcUP0djPEUwmEMvnpTy/O2yjTU+41rxqrFNJ1Uk8=","MINesQa2ISOiCCX5XXR9dV+eqa75DVmzuDrNvJIcEJY=","rX8WthQiVV1SxLuZ00TjMvFj8kSQxxuZlk24oEz4CUM=","VJTF17d/aF4czSbEDw/uXMhNR1J32Ks8V+HxTGzCFmI=","GY+/dbnyPV+73KZAOPNtFPjHTYrhJ0AlsN+t7Oj+VB8=","AkxViCYcOKakQAbwhd5nvDi4xH3fkcXr8bIj0SjgQLU=","W+FPdPbI16wPo4Igab77dGyj0uq2R5hcRdzfHf53h4U=","itBI7LN7vTWlRVsAb3tYy8QuLlEXObmRQgHvX1IQoK4=","FKCKYYoCgyPcientv3C5Zu+FZJL7gYOVmxFT1o17qjo=","HEWIOzFc+MqAlqgnSNKnZ1+3AkEHMPighI7jfkzvWCY=","pzSYTKEKGHgzCqP0ZRQOxO7p+oO5IlzuTk4tYhiNxws=","JyW7GPJShvYVp9fWhdiBu56k5IMQlT6grMTCdBSh0CI=","K5iJERSeMM5weaKu6IlwKOLQ8x8zjJffv6NbaGayHak=","UrbKlrnvaslfGCCG6C5AbhIvRbIuaJkKzb7xUERSRc0=","pWzvWjFtGR6IvvHmXWRZD0bsjJ/X6uDg9KO3oRLu7AU=","mnn6hpiyPCFKNHAfeab30MDkNv9zbq9cJ91KS+QiaFE=","NSUbyRApf/RLTlkb2wr3RFYT0DFX9iZGbxMMTglu++o=","PTKQ8QVuIKesihB7i4acFh2/y521dRhxc0poLUUeJQQ=","yTyCr5vsMaJfLtkpelVBBm1WZfgSO0Erdk9e60o5Uic=","1axPHsCVvi3yrM3VPSxH9QYL6nhqpl5OoTTvLhHwnv0=","PB+FmIFkfcE72dhyNhtjp+mwYtzdcBs7CnnsVE+EOUA=","inlBaAsfVqPfotJRllROZfppy7yy6WzLKzaXB5FwJD0=","LGNSi382TA63Vnx8bxetPZp3lDtV/oBQl3n0vuhwagE=","m3sgj7mIAmKeMDTK9+QXhi1YMH4AzwvJEfFwvUSnJJU=","zVPLOErCpOO76o9w5aUeFJC7STcmvoQtVscaeJyjVOM=","vidgWDOsyy9H1RzkLdeEKQVRS0FY3Wij+1Phz0S5ijk=","93/CXn6MaDfUYzpaJBPKj2O2n6923/OblJ/8Y7Yk6xI=","p0ufO5SExnxymCR+fCtobx0VngMP5TmPJkQEBOqPMok=","iwZWqPH8q2d8RiUHBTWlQ5qSbDsBzSv6PtRwEqP3t2U=","AiKpICGhiwDR5HiRvl2/F+0CE2PYAo9zLY1APj1SA0M=","tJH9wYGvupfNCMGCUiaQahUW06N39Kl22K5SVZ0Sczg=","ys/T9gw+98Atz9ZJnfJqclTpsc9UYM7vm5WNxhTlo/8=","MpfKhYv/2XVNNBAZGKB4vsa3umPFsINUEQCzVENVd5k=","YHw08wjJXJNojKJAuJxzOpihFDyiKm+MrJiLmjR08ps=","bpXfvbeFSRq9EKr+Feq8M6OXtgHH96CRyAEd/ZtmOPg=","wm5hnI8pS0iYnL9te4Ysfb4kCNXqqvZj8YzE/kbxSzE=","HNtLHfL61qCJ84zeV3g2N9Qk6rNVkgCoOo2AyFR/PPA=","C+EDLQc7bwBdT8OCDXY0Xlr9N35ECFpnjYo/mSPb+SM=","0UJ49C54tGzeovORTnLcDHMeHxCzzAh3A947qeDY8J0=","O1Lex6fY0YiGsnHGSFiVy2sHIcif53FaB7k3HXZmZIo=","P1XSnNF5PS2Hr8EadhENVRgVmNwoxORyBF5Sxxnvvr8=","J0Xh7Vwr0AxeEP1CdXjOKfzmCSutSu34YLodNq6gWCM=","BX8EuoGMnxPt6DsnFxqBaZFFA2ZydqwCpxLGOHpfFDY=","QuyFLYlzjdLncwiov3AnowpD7DuuEy3tmpTRc2mZKlc=","Oce8slopIPFUqO6opE9irFLHW73jYtk3dUtycumGpZY=","MqWOJIA43FTt0PxCF7aIrQiCzjocFNRgaXB9bR/it2Y=","eWheOBDyaltLxLqz1CPfejz6ZTsS8gOEoaL7pYnyQMU=","SpsQ5y1PFUNox/+s36fVS8i5sBIvxh7n2MCAnQPqm4Q=","GRz2vs5TjoBpRFqYNXG7NqBPFtX5So+uoEGfK/UQo28=","xmZ+t2C5M8w1kKVeHrp8TUPYvy+QcsSWrp7txr0Va88=","9LNwRrjsTOmtFFbDG8/bQGYra0wJVEoOqaXl4Aj74Bc=","E5ak4kJkECqJHhpUOY/Bl2Lkgpp4ySHw3Gu+VDSQ2c4=","hnTDgyGMXAs1yNDtARA3KNPst+4+lvLatk9OXrwfc+Y=","yBPOVtn3wSjyKLS+Ubb8aPlyrZv+5ybp65GvXpKfCYM=","6xWeRL0giA47ncjvSAMII4ZHjR9F3I2SJwCRjlWn2OA=","ZrstNH9048zoZVjje3Q0l4O906LT7zOz9dV3NDK9/aw=","2UADZ1kTV42gZoj40g/RX7jeNp6T86UsAk/c2LRKotw=","zNbSS9vCGBE5wMnReyC2RjKEhyoPgdBKwa3MnUdcTWs=","TCF4dabOIa/hNTdYA8x4zw/XYY4Wt84J4opV9ZJ72xQ=","saPoh+YsDPGrIZODBtI9W2uLH+dyryynoUvLse5oi1s=","uRSut087k8uIXTAuJ130kjiPJFIWNULChS8Ekczt5Tk=","UoG5SOaND5kQ3Vs4xSJDEW6AvQaA6CSRD93oshJKVIA=","LofcSJY5EBgpZ5euNfN9PmlFMi54494BtMVX34qT8CU=","Lan1cMO6WV35Kcbcmn07BD3zXLAKlLtMWt3Y0yASMQ8=","rBga5rL0U936r0i3tCprR/vigGT89a/H03GL5qNpkVw=","qUzpven1zYGz0Jmaf5YVQsWKdVcqFlo4ZISBupKEbQU=","aRzuA2vwfaotJQqHVa5gDKxi6t6x4MO03nCNNeLDsO0=","l1J5Sf5qHZ4xW5irOx/9ICHTVCivpBeoUR3mCgycmW8=","PdcRT3G4HMRxuEOiQUEXhGqb42s08FEoqMQlDDvc1ic=","W08ni9aZ982lkkghQAXCDrx967HjNZ+q6gPx70NB63E=","altD1US+o6V4/4EXL8U6dXkyDqydMdXhGBi/N3ru1Mo=","Sl/DfblhatDlfaViJdayboT3Yb/CEKq6b81XQYywu7U=","BgdJy4IZeD266FRtFQTaU/4w67GmPzYnblztyLxoQ+c=","2r2WBn5YNlsdXLOlL3uqBe1LeXCiDlOKBOLuYdHYc94=","+9cMxCpoFxZoaoZ4uFc6s8H96I57eqSuhr57TPetH20=","o3hIyPFbVwSHL/J9W7zg/Atrbqmzq5IJ61nJViFYDpU=","D2xIDFkRiQR8BTWBD2dFmFWYSsrlbPJVeZynpHaK+/g=","JBebDKJOdmNQZaInWYsKZH+dBWcQTVaVYLzE/gHX0+g=","Ln85/0rom+RMVNYRRGEatxNDWdlaHq4YXcwdz/kiOIY=","xHpBF4VOfyERcKs06wXC0oV1ivf/UdSuIe7t4GD/rl4=","lUcG4Lo65zqtUSvd5Vy1ZpJn3RIdwnLl82zqGzE3fuk=","J+xYyvz6qkpUVxjK8RdsSzFcwnBRJWPP+0RwKFK8Vwg=","rxIWfTLisF+QzZkrVtgKJHo+eMfXBoeMpdG7E3rm1a4=","tAqqGBapBSkdGOfrMbflwZ4Jiovgaj0ORrN5hOfyHuw=","Z8/ePKVNj32Mhjz1aktrhtv2C8xQcKB6xcLcFn7PehM=","kFFeykD3EOz4FVvnxieZVeReQpiFWn0Ne7p2CxgxHqg=","+NDoloE6EoazjaU9YuyUsHpbicfRVjfXN8fHTVxTkkk=","bU2bzXi/TLbf4sMGIruhLSrXgypB59jiT8LfUhf4L2o="],"block_size":4096,"path":"HPSimplified_Lt.ttf"},{"block_hashes":["aQwvaKODqv2Qc6N05GVwmY4+Xngl+TMutnTbev4iNYc="],"block_size":4096,"path":"icons/error_icon16.png"},{"block_hashes":["jjYHfuPgZUIaENKmexzYGFY9XGfS7RvZ+tySVahoCVQ="],"block_size":4096,"path":"icons/error_icon32.png"},{"block_hashes":["4iQhO3xVPWhL0wli+5j7qbYlgawpCKziA8ftozS4j8s=","+gPrdEd8aqh6mgoOEBbY7X4RELteFDJbQ0tTEGtkS2M=","3lpbxCs7gmNu+A5IzqIp8u+sykz7qMIba8J098K0d+A="],"block_size":4096,"path":"icons/error_icon64.png"},{"block_hashes":["4DJBFhtjYxq6jYovBwaoQpaKJyDYVo09/EIZAfPwsbA="],"block_size":4096,"path":"icons/greyscale_icon16.png"},{"block_hashes":["WiNF+zzVptTQ3ObXgSil4NmBz2iZpHMinv9zBAXNg40="],"block_size":4096,"path":"icons/greyscale_icon32.png"},{"block_hashes":["YP4TsmFjND4+eFa1783qCWaxV8jhX0a2qf4mSjL2TWw=","pmggYFjWgO66qWE53cVP4qJMaa4TGLY2d5a3kfjpuas="],"block_size":4096,"path":"icons/greyscale_icon64.png"},{"block_hashes":["ZGccDanMbtz5I2+YQHYdATqsgpnWfh4ZFQC8RGt5SYE="],"block_size":4096,"path":"icons/ip16.png"},{"block_hashes":["i4YYodPCqcTdlOLd8Bkm63lNgg/T1LoiAPte9UknOD8=","LZBfJjdkjU1+SW5K+IUFcccq7f35zB43yxVf8jW627k=","fOE7ziXnSqfc+VDcE5qKAWmI0Exdfh6325bITh5C2vs=","maRptUOwWNjVcEzKi3W0IJO/zmnPi6+VN5d3m9DDzIQ=","geK6smS9KAYITmzaSyWqMSi410JHGSZoqJ4owWvAVT0=","s2liRlesOtzw6Zfufv9QYhMv3puLr+ndR/mVb5e7x3s=","tjPq+GfJ3MLaEHTRp0idE1U5bFI4W86gFhinGo6DwG0=","E0HxHnIdYy5wDpqgjJ9G1iCEEtCt2jRGL6sNfVnANQc=","WqcpBv6OSHBZH0xm4Yc0one0RBycklTNTgBbANeuFhc=","0tWieokbSc5iBJ1AlwfWIIEZyPjWONGUCn9/Ko5OEFA=","z989yzxlHW8fu/HOxjVDCaqDKboSxX7PKsMMYPY5mA4=","hKvFD29fVJNFxHDdMXWHh3ObJs0dxUZSWOWxGCzPLbs=","KO+icA6QyY/SEgS3CYLCebEjpPn24VbLH3F6FtAA+y4=","0bZwgOxjW/9Sz5HgU5QB9zMgMHPlyPJQGmgLm3iW5kk=","goHFqd6KaA2B8nV409ACdYipsjIwPYPAuwJgTwixXow=","UF3gitU3MzJuiX9lDaPt9PjHh66Zze/41rst8UwNdSE=","6sDHYWP7+MoqWbUcXd09nsCIusuo2ZjiS08rE3PHKX8=","BWvRkRg8rcope4GgDNCI3ExzC4Pl7g18n5wccEjoVyA=","7q7BMGuGAEZ5DgWaQGRyj9BsvKzK31KGFI1YtU5CLTk=","b05DFPImzhXts3YDGkrBzw8SXS6yR1chpzUOqWMpXkE=","0X4jN0rhLe2WK8N+qC6NPtKCB1rg8ZnGiCjx6R2x6EI=","g1QI4o7MblQLkTolL1GybwMW2xgDth+uBHYqgxCGRak=","6CUJL87ngvtwWZQp4OTSioLX3qXGu+kIa1Yrtggn+6w=","9XT4Xpld3dXOZQAedX8JTUW0gGegG4th2qjdtWgg8lo=","qzYzEUfIIVwwRC2p632SS1HRyFF8BlAzS6k37sTFoWI=","/V6bNuRKUg8QYnfLjEisQ0otO+B6J0nhNtYEFKhmv/U=","rJ/3EumhcmaDVZK1Bz0uazBkB+8y7YUIwy75N26RldY=","dHDugh2ZyLqiu/v7UIp4RnBp2NDeU7NL+IjQabm5MHE=","ajbymGbTzImr2MdtkR4K5u/TjN8s5QmJ1C6HYyNicec=","rm219WDO3XJcykqHXToj9z2TXx8Jxw+Ry3J7rOWziPs=","uMltlcwITYzWZySvBYTz/kBn2VouvwAu2y0NeVpNZ+U=","t0SMnApbNbcP5NtdK0yd7Pmxrnt8V256TcAFMlxClv8=","BSTPR3IMqR0RLYw/EWsXLkPaPJrJDY31wL6oX+3iIfE=","SFY4IObabn9o3nf2aUUI6fLXgkUgZFkuyOrNDtI0TPI=","0nm1QspdTQhwgRjvgiFRNG88LnCYzbhZc7mooKC9SLg=","HBDmP0ukhDYnmeydK4BAA/PLwkL1HdO8HJBpiNxFpaI=","JicZaxzcIGk15+BZchMeSdXKnH8YiOASC3ZsDUoNmmA=","N12QBIv64FTS2KYUA7hbKQTLuqi3HtU9PuSeYKpiT3A=","NXk2oUlV18Ao5ZCI7Scznk/NSxyt6HXD4CU9sjFkGSo=","Uav8gzy8mYP20CIIh+ZmUAAq8cp9gmsBbKC6/DzklMY=","Cnmm1MtxPHUxKD1MS3UkcdT2Bhfkd6u92XUnL3CVgDA=","yFE7r61yQ2Z3TNPFSe8B64qeeVp7Pn0htaNKu8ppKyY=","WELkKCyYV1MLWE6f0uq6alxGA/ZgNU9lXEP0nuLEBAs=","bQK5qUN8Ns6yCsE5HY/WPvATlUQCDT+zA+2/ffP1Ovo=","k1w1K4jSJ6VGnueNoZhr1d9pgEHsIZEiaiOMrhPNw/4=","5Bge2EI66vIGX8rY3AI/byHO1cMmil+JEt3Fdm8IodY=","57bXGzV0m4LYDayGnuOvwwOpElR7sXA/JgiW8LdIpSc=","I8I5GwMFzckdWLBu8Ts3JeIcfNVi5+ZkhsoaOr4m+xo=","uhD1zKvbjT9Cn1m/zTLpqCnXmsvvIobC+AR87yJLc80=","x0rPoJTPis+BgJV8cE8/JwracnDuRod8cj7MmOjd/nc=","gmt5MKY6cUJ4xTmXmOwTmAZwP6yertIUfowOraD4SU8=","Xvi5yAvtMSzbb8vaLtt1/cdbRcvjJ950FFSFdLDvDoA=","j27yXX24bBBY0YO11CYK6LEeSpQs53hHB16DqaTnygE=","CwKldp5m+xMSTEztdvACR8aLr7DNsyrIyu57VlyWW0s=","oWMRPUbrRq+BbbFTjL7o7a/DH+HGL2umZvk/8Lt42Ns=","Wu5s2JhnY8Ru8p9QKVnQrkvibFb8Ia4Psv/DtelQL+g=","hsP2oaSq2F+pEMMjSspAPXC5cB7zlMxl8l5Lk2tHcXI=","uKw2KuUXIVU6Dzveni3JvcxKdv/GM4/Tfz2GsrsSeZ0=","BEW2r1N1ZLWrOqb9G8g3R1Sui5a3jkBRr4LWhzY3rOE=","Cpw3VMkoN33l4xIZsEwBeSwtahHcu+tWQogbJJnw1NE=","W1pq196R/jsWiePcA6Na2AoJE36P7tLLaLjfAtF4rVE=","UE/eQBCsFYicqjO3oUJSvIocPtBX7bliBfnLdtMFnWc=","RD09LWmi3VRGRp19dDsU8aCLrKa67rGZWHo0rEe/vso=","YGo6GqMJQaTsypQJhEUl7b5RbEo7OqJXfeFz39Q5EW0=","eHFJOQtvKVLpAMK1ERES377aPCicivOGwI2Yjq5LLrg=","F64h08zUYdhHLlNtzepLYUlB6cuHkiUsLfxz0jXrMms=","r3t+OY/s4fRcbAs20UbGZGbR9UWJzDsjUNVmGMiJJ4w=","pdTPqx9bJHfB+pIZ/xaEtk3HcukDTfYO/8QDGaz9DJw=","rD724D9NHbtsaC4qn2601Ra4fdRDSkcd3Zxbu/kKkIA=","YxlIYOXhF/O+5rDZhWfmoMXRekWBdrdTEg930e3Xn/U=","NFXaRoSPAqQFw/c/F6lt2LvlXF9hJdrodRa2qBtpV50=","+gsxiDbKwhbxdWnszC/oXuzIb4qgQO3Ffxawz4ooGiQ=","PQe6aM5ehyRUh6kZtJOxfOM7kLIBuBw4QOAylEeEFCs=","S0AsjEibsNoudKvepn6+0dNeGaokK9zoQ1OAzNgV5P8=","GsyC6yWJm4iICv7lIltHaAAELgC0M1FqHxXm8w8xE+A=","EqO7YbtIkM61RrMCEpeba4Vr+clInp1Cb5JgHHcJ0gk=","L3Z7Bfv+cvC0RJqqad8ysN87Sv2k2yjvqUWLCVVT1rw=","xwf9+RlYqoXArX8KgsvN0pZgkRCrLb56n3ogh9vjPLQ=","B/XrLUDKis/fpEvVvwp2Z+UHdUJYxz68d7XEM2uDR2Y=","lU34WGE+n7KTGoJK3e6bFdYBZGOXss2zB5jfYXpGYas=","SWNPbwTDhslinzQWC3Ucxlio25uvG8vEwbJFx1RtWJA=","T5wLEYc2ZCQutVtq61mLReghYIRP8N978Lb2jSMg4GQ=","ZarFgkuM1ohL4YjS4aaST7IRV1gV6uriSl0MW2n2lwE=","gw+7UFbWd4qV2xb2v9DXZvdrUn9yKwh490cJ5C4jbuY=","yl7yrsl8tntWYUy8Z1jM9td4nQh/wX2mtYPI5ARyuR0=","ZhdAs9Tn8x03+KDvPyQjspDhSV5Zv/t0U7EkoIJYRRc=","pQMeUD8t2zb5blLydoFY27gduGGcDrlZ9wxpqQTOU5E=","wOVhcmWFouRB1rS6TTDOBycg005ExP0gHc9Vv7K99ck=","uIsyRCkRjflgvX5G6WC5RGuj7PtV3AMqekii3Xo8vxs=","LKiI8mbGIv6o7PzeW++4V8l3fGJHvNpg+eDZ01fOst4=","Jaj6zOuVPurBdxJmN72wQ8mYrIwSjS8rc5nnHmXBpxg=","y0+UNvXv1/80MyWf+1VDhiuX7TS5iiKeJIjgF2VTAhY=","EbiQ+J5cEmQCmeSy4NxAbnEoo5ib5wALOuCqA+dY0wM=","RdhvKoaQNbXSbYJkPlLtygssPrIAbIVN70soaUxwtAQ=","vKZ5RQ5QNXG4ITUTWnCMPg4uIYN2r5XNywHgCHjbTJA=","Sx7JyhGfBFvOMJqJP6UWnI1WWcQqz7Fb8zCIBoFVInU=","sfowmbhhl6WVd3dT7WfLdnwZ1Ah6HEh4lM5u1NrYRo4=","AjhRVZffB26DoCs+M6sHjv7qJrI+0Fw+4V9vDCfMEqk=","Cb8yXBUWUBuZ/UPxTUVsBmbXzmvTmh3EP7uXIcT5Bb4=","IFCHHhbDP9Ph+nVm54yUPxxLrBGFPQ5/RdDFRm/dzss=","Lartkm+5UXFC7kzmwAiixMe4hbWxJTxlAEcpZ6lCzXU=","ZhP8WJ6BK3Utmp6IzDdDJ/VqOu+drIB/kQVHGQPHov0=","tXa/BBeGDVizx73RAtA4oJPNtsvRduw89Dt6WfTpOkI=","ewqLkgIQqc7StDaCrTEXLbpsOeHeUlDnUlVyAu6RFgg=","x+VAqh8Asw/CA2D8RzSDCF5T+CgvOoImZrSikoYOf9c=","XI+Q+Ib1QdMtPCFd8q7I0uvCkZqvsO2D5c0xwG7E1Pw=","Pq8GkatYgcSO9Tqm6IrMdukOXUF5ucX+COAa5kRkkOc=","/+CqyN/25c64kV2QcYbHeKfbNBLf+rSSbKmR1iGctfs=","0FvyNUiPWMZtYdTlB1jlmUg4sFNJVLfxzlFghHHCDlo=","xREEJSuG3BKnV8AMbC0ZJaKg39kfFbBx3w1Zn+9Eem8=","dXMgKFBfqn9eP6vdjfKhI/332ssXx3Vet6wbx49k23s=","ncKUSvdhgh1uT0yUXuejWzr5x34xt+FWj3C5PPmcOzU=","3APm5R4RAvSU06kRgNXh6xQlj5zQtd8GIPZwJyDRKx0=","Z/6s8g5gI2zLIlAO/fnsHD0XZHCXQfC3cg/WWbRbnTU=","GksZsisgZfjpGhPNAHikhIbyiMz8SgnUMJZ8u8P+q0E=","5NDwyXhdVrNCKC+NKyJf3uTtq7gnuRPWvIQ96VsDIQI=","uVI3EGV4U2MdHBrUqeDZU52K36d/7O5/Ceqz+ffDl7w=","vjvvlUa40ufl7vBi11xFN9QMG/rW2u/Y0mqCG03fkoE=","agleMaVsG83mQuQ0LkhF2Fsu8Usf5hVMhagAihgG7+Y=","yJpqkFKhELEpdWi+mb+GUFbLG1bbr1DZVFNeZGJJ2Uw=","la55WYVnuiu7w0GwWDoeH61EG/EbWMso/5Pz04eAaQ4=","O/h+cmKJp/3evuNxtQL3gDDaxsnPOuGg1fYVxdVy1mY=","/q0ishL871FZkNs6ROW01wanvN09cn0DQWhGnujbyoA=","9+2HlMOL1apOXnzUQ975j4CgMLoYyKBoeDIAdQ7sBYU=","7s+yUK2UWaw5QqKBYNVUvo+5jdMeo9tmxrCNSGG3eXk=","sVHEMhSEx0D8YuS/3nIK6YMUyoQPhVGiu53LmVCTvMw=","9R94NEYFGydBZ6hem2QxB1Jw9qOfnCwC9NcNW/lMW5U=","CzW7eWK/JW/VaXqccCd029HlixqsG1uPV5bVnPEFpas=","55GJLULfU2N7PGPMzBrGBz2sFiOvcfMoy62JxCApMeQ=","hGn83AQN8e+Yov0IruNPleWxdoOPoV7+y4g7U1wqRJ8=","v56Evavp5O5HtQf3jxpXMeljV55szr70rgrnWLdLbdk=","t4WvQJTobQ15Q3vPdk0ViIR5aHRRf/WEH4vdgiTqdno=","RhIJl9xq5np1m4UvrVM+WhYYvPAaPuI1hCzeCdp7e/g=","XnDJXrAS4yx5T6LzrNoK/4/zlAkowTdExEYevfcUmNU=","CB2gkmXBK18yeZKTr0tEUr9oTb5ojcuAymTiGSxOouI=","vgz51RRevHbxDWFIz327i2sLKfwvGtii2aGS2fng4IM=","hVnFXnRTgg49anxtWJvSCgHMlo77NNUXKsa9kDuSi18=","fNwTQrslxKa2y0sDN9xcCIqzGEe+pHyZz7QZBAvR3EQ=","u4efNWsXdoFJLpihEvRmXnlSsX1eqL/+QXWg4VFaSAY=","zP925bzy8XVdA3AI5IVrY2NXBHRRXiHumXtXvaN22OY=","ulE/QgzAQegDX1+EAc+NPn1FBBvum9Derg5usuqpgB8=","zeXhMpBNO0q8o05D5cKq8VJdN6VvRnXLEfYfzQcquT0=","Y8/HMt7sDtaemMmcPHwXC3XtLJ5fu3LjFRHc+6BO9ZU=","p86JGmTdkfzpMNG8eA1bkXWq6IJLK6apMX4lYCMFxyI=","PbWPT6F27xf542XaGEZFvZh1YtII0RIwhfkVuabpWUM=","cAGeX/UlWfL+jD1SvbBBUHEhl89A8WCcw+qMC3z7sTI=","YTv78vZ/LTiKJ7SX6UWVEx1k2ObYJLoxu1w1qKPbeNY=","w44k4LTvD+zLK1/tI1HVDiQ5+08bJviiMZaFpIyajnI=","poOBMDsph6IIGUfyFZiZiuPsvRXk0ulQZ0ft5Ufq2/I=","iZ9O9O+8kd9fJqWv6as6aOhtI/DEdrQ7IuHmouJX82U=","rA0eSNdN6E0DFN3862t2So18MUUrWD9ds4kcBFjHM1o=","p+N5bhDd8rF9FXYzUdYlCGEtdHwe7kpsFnZnfPJgrjI=","vkcug1hxz0NM349Bp4w9TB9xy564Aq/Qt3XsbpkQcmo=","xajqt5QGu46k8B7c5HHP09vSAAzf4j8hqZgbBG203tQ=","WY5NpKvTgjvIFcptmsPn4BaVb/Yo1zUbvf+ApAAMNVA=","Xqdn5aGUidVLwF02hWVD0/T470cQveWV0x19t27VN2g="],"block_size":4096,"path":"main.js"},{"block_hashes":["5WWbpKIno8PD11xrqNMXVVQyCuLO8DFAG42Z4959EJ0="],"block_size":4096,"path":"options.html"},{"block_hashes":["fIT7J/VsalTdOCblbv7dZC/6r+Yh1DXs2EAPgoSP3uw=","wz59hDFSmfmoi9ifK6bfQ9RQ3Ys7HpOybo2lCiSXPWs="],"block_size":4096,"path":"overlay.css"},{"block_hashes":["ULGGyz9v/Sz3IczIkPG/lngPgn+fFGcKvjaY4yDvO0o="],"block_size":4096,"path":"popup.css"},{"block_hashes":["Gp/eIxjwb/m74RFsfH2pTQcdZcQMiOyNVqVNXJ6ZM6w="],"block_size":4096,"path":"popup.html"},{"block_hashes":["G1zI8nv3h4Fc3JfxobsMR+mdQzDsZcfwKIX6OyjpaDk=","rtccqOCQfIxJpjGyxtvlLGUnd8E9j5rmEGq7rk2lD6Y=","h8VGLnrYaf95SoxEaGsGRbqPM5J66bgTWh3OUFkCVTk=","R6eLwrlKE9+ErEiRysB5i1Mzbx9OH+n+LkvMvvVE0is=","GyJPbEGahuYGXj1xnXHtHqPClp9rcQCCkBc92XLVmjY=","ftIOc0O03qZgFWLbncCWYjGQ+gh3O8TJjetRNAF5Py0=","5Mr/52bR6OuTmbt42htx+ee6dpv+D4hWqjo6IBuBAt8=","mRqWsc4LE9GEqBm6oNDKfBJG+qaBvsbfq7lc0iEjGwo=","ljzsNU/jcJ0vDPagaTJ+dT2NPK2a/vpZXF9XkPK6pk8=","Qtu8hEDeKK0+RnRtV+K63spkDRZuUGlJGjPOSes0JHY=","1l/sqGebRsK3KOmZYnFQLoFzh5u0O6CysA530FsUQww=","/wAdTzl7XmcG17GpKjLxjRfVSbxrtLWsU+5kzoJHtPM=","TQMw1mTgX9HSaAB384KwLYjeY2qODpPWNLEwc5NvCr4=","+UtHy15i0zNrt6teUc7eAk3IyfgTq2miMiXyUIQvqNw=","N2AriWK1sT4UX2UlGJZxeHlB+dfeadzfPDQffmkGusE=","NZRXi6NqRs/C5hb87yhhKkfgLnNl7+Pzn8caVlXyFBY=","aFvMyAVhnOrDwdXpHeLLmlfxt16fHkgcPWqfIsFfG7w=","WrB+N8tJ8VbVxmm+FO0ge3/BuHcNFkN6iBRZytx2Y+o=","O90p0fU8xlNMfV1ixz8ydCMe1GgoCxHcVuqc65+66O0=","fia9p1mnjjLkhdIVyi0YGj14GpFrMh9DJ1dHAew0KwU=","Ey6p7HhMKeKOcF74nyULMAzptTykb+sXxSJWBJvmMw4=","HL3+OqIdNLelmTCun4jEzuvrYGQLPWcvtmSSfOew1M8=","7d0tB1MpPCmakoPhTalszII9l5kf3I2QLIbcIWTR5CQ=","o2DGtDuw8jWAZl38XJGrfdprfx0+yn6jY7aseViSrpk=","0ExwZlTF4hl80wZ21j91zDc6qsqdHr4Iz83j4XwTNiA=","7phNH43D+IcV5d26dNMFtqHy5+HnXHomAlF/LVwbsf4=","JxCaDzEg7prRuVq3kappxaYzCZhEq6RZUAPfA645BNw=","oHc4KoonGykPkH8VMfLTNiK15Bj9ocOcEJw5cuQaEao=","FqLG5vwbXWFyG3oaUaUYxW/GET6iUc6ts7LJBYvEjLU="],"block_size":4096,"path":"scripts/blocked-file-page/main.js"},{"block_hashes":["FFdg8xY3H1cYJxW6MNmTdwLj+mse8Tr7WmbLowsCmVI=","ZnYoJ4yeXStiiEsz7LVtqhcXjlSp6e1TFA7zdcNtrvA=","LJmZj07ju7+ax5A/D1079dkHHwjYIfUZdSxaiONjPzE=","nuv1fgQLlLYff8eDMiSjEn9v5qooMM/xmKb4D4TTzeI=","4CEmOeb1IXxE63c5Du3KRTs73Tip8SWcfxeaVyRJeLU=","y+yrKMTAhL/2eta/FKXuA9zcNEmdrfMBtPI7Bct7jRI=","wOz3DxUbGYT8u8jdo+3SWTtQp6o4XoWdtDuZmmKSnj8=","e9cDJRja5zGe7epyP48vFDlEud2TnFim8QU4KftWTpY=","WOVxTHr8n284hW/Wpjk7p7cGW4dW7cdCSHYSW/nmELc=","KhP4phkUS3hGnqb5RAQ2knf7PXkzWbrpHvyTGJpkpu8=","Dcvir/gOMrOuUUjghk80dXjp3i0g+UViTdC80CJPCRo=","OXDf1gTJpQW3FkbwdcSgcb95kTJmv+PmZvqQK13MaWM=","nYCiwKa3iAanJYeALMPMCb8C8vS9JuMAfV9q0Jto/ek=","bjJzphv4fUrF0k08i7x6Hh01PMivHoSzRU8OzY98SC8=","yGK6uk+t55mKOSqLo8Z95zXktfAG/qtmDV5Gjhg3aYs=","l7EEyPs8meMK36KXUddlYy6uMRZhMGK4utB9ZLy3h4c=","4vjVZHmTg5BaR1IsTKadinov0y4NW0cZi7GoPjbbJzQ=","rAGBFQP8wvXzC5FCWOft1z0Oj55K+mcGORTJvJZURVM=","yaVIbQ58dvOsh5veTx55YIC8MKXSVB2t91WGOQl0MzQ=","yQygnd9pXhLTdM6VX/X6GPgpzaXGqUmZPZn6ku2Dhg4=","jpUyFHBmlLCfW1KiMOcgvpUH+NZY6QhXdqA/jbWI2Ww=","PqYmbbqDWGWAF8rIgvpWk+Zt2sVGROMkJ778U/G6tFY=","J4sr9Md2z2ZK8yaXMSMghk2N7aU0l26WgpFEVaXo+4g=","iiNSSRS/1jgTvlVqy7qOPAmJYB1PAFHuF93TCJvIz/U=","IRC0pOs7faq/ZHAtMGYjzXtHeleElsKU2u8HfEfU5WA=","ZinHX/0ubGubBJKFn2YLDWlOTA4XYn6p9As24UHBSF4=","UhdzjPnGef5HHAoyNF0OUK5NOvm/gvitUh6GFMyaTu8=","WwzkrMBA35cMsSaDqEYA9kLLByYuBzCmwo+HjtTv+AU=","wKEonzhydTMuoVptAcVo+2mb9XlxKtHzgnuJs/cJx0U=","oO9x/sJ/7hldmriBihkg1WYS1oUGsq0W5V8NWkjygOI=","/taHg6NWNZkUQ9+8/6IJTKp+c4YapuUQX0EfIrw6bFQ=","Bi92946DQnVqZymupeFv/kt1HtAOnG80WWwvn9GoL9w=","IF8ytQzZ4owEsQsaQnkU9VAXZ9EG/fGHo6/t+bkfmew=","6zSyiVQmZ8XpZALEJfrH7q1I8Z/5g+EEMPtIdO0XNEc=","UCD+e+EFpEHXXzj8AiGsg40sPdHJGru0bLRgaa7Nvyo="],"block_size":4096,"path":"scripts/blocked-page/main.js"},{"block_hashes":["pOyefxdKqwbcrv3szO0ZJ3oR45uOu37lkoQ/PWDinFI=","dHu7pe+jZUslKAp1jHSt0l51F1XGXv1YTim97YTCVBA=","0R7aRXNXKPLXYd6QfTrRVN/fq6+HwnZvPD/YlrzjrUg=","v0bqoBzY6PbIMOZuclwjsP88XsDhJB5yMPZu6lNsMGQ=","x8Av3faB/g7rZ4LA6lUUbimFPvBFU4GghnyHytLb1JM=","EBQCBKDvlOLLG3YYOXnYo93/RLe40T1dpc+qvqQrAB8=","4VU8a4QOt6+2oRNblYDn7gaJSIy/Uyx/I+X+ii4qhTE=","3zKs3L0oKo/DrRttjVzS+jyp71hXhzOXZJSLu+6Ojjs=","kf6jpoAn7WiEBgcLrDDDXsyHxX3uXhsIWSwpYEfNLTo=","XcILTOJ/6fzWAt2kVOE8gG6ZUhiZnsOBTFugOTXgEYg=","68p5Mu5kWQ6/jwTajlywkYxEC9pjVBfG27+6I1CUT64=","GwRKFDGLRrwm0CXPA+mpgtYHg46admVYvN5fvbxAg1o=","PFD7ycIu52SMiYcsUsw/U0MP92Aud86HMMdAFyWnPYc=","T3j2iXBKkrZZATn4DG7rlsBQL6uVR21B9KmYdFg/evk=","Pk52eJSxnaq0qh88DeeN3rN/KivEVekeZiY9ybYw32A=","z8/QWoxKaTvI27ZKaw6ii8lqt3V/ofX3mSj4E6YSoC8=","3hIhUvvOArdt8ucNshXxz+WIKL3NQMrcIR6Lsq9cAnY=","f8VO+9eDOn1xtIjdgnUAIJV90ud3h8SEiJKhPJUetO8=","dmUy8UeGOyX+c9gCHLAOuNVMzt9eKcvZe36KtO/hC2M=","ndiHPfGjRFncQdHDJaDqyCSA7Si45aD3zxXJFCHYf1E=","sHvDpeUx/zM0YesYnspi0xINqegtcxsWVzEfM7TKn5w=","dADQrOZWHGPhZnpmwy4/v9mJlktA45Ts1cVXYyJUxeM=","VJ17O0iuYATk05TbJaa9aUyNwkKv68ziX+eltfydEhs=","huAD09ymSTMyw0kBpRsk8nWAF3oVUlND+2DvtoXbSas=","x5V4wF7PjLJtwhcYgyweuYBK7G7c4MzDhJfkmzg6n7Y=","tSUx2BOBvgJ8YJ/8rQIAzQSpldkUfY3phRXMoeSRPjM=","IMB86NJN920sPxAH6KTzubg5Rziyb3LwISeVC8d7AU8=","LLqpgHxdIK39Bmp0GyPbIRv/rcO2EKDpeoc9ijKgfu8=","76QGY1XwR84Ln2vx/CDEFl3Y2QGAwy16Fi8LTScHfG4=","P99RkihmEiPZGGRXbM0fuzBProUzYchdHZ1n0o1ar8k=","Q86tPFoTID6vxK1MjG2UoQbkPF0kmVCr+p8srsLHrjk=","xpEiLXIN8XugSvInUHJpWaCTGM49ZMM1I9FuSHSBJ6I=","ZD1fqQ1pwixDASVXEC9A2CWbrP8H8lhA86fpQzqzvM4=","fmN+Hrv+jcJCMkU4M+ci+zhEOszY9vHCb9ymuACYo7E=","jykerfpMiZUfmc6oKlP8mlzX5uZTUYtP0fplRSm0BDg=","GuE6G+lRgcZpOPQri+1ohxOsQB6LAPsirSHvdEUPB1o=","UD/bOJAFtL7qPS6pGU5s+Kz70x38QK+v7hUOvU3xqtc=","kHpU6jxdc/K/OvplBCu4yR2zvj2R8Xrt5E7t2aX1ch8=","cK8xCWKhYN5Vnic57iLHq/n/36Yq3W7Prx4ruQmPPcY=","JeDwnMFRmRzlSFSoMKTQDMtynIgz4g6W7mV/eG2I6fE=","2k3o4hhXmCSpWDRQZ88yaimkL1gQUKNdU9mU/5QfD58=","xKSTWXpubsp89mGFluzn7V3xOADbxHvo4qI4iM0JF4Q=","tq5Nhn4MIZ0etVZHAmK2Xdpj23a5Gcb8lQHveVKG7YM=","I0as5qI5AcSXmdHLzQC3ahiv6rKwVM/YAS+Om8xsl4Y=","Fo3RPoE8UDOXeJ4D3GExLjpZ9V3pufjg1WS3u+eyzD4=","md59ZZjQmLS+HULMS1TXEbdWCdbx+UxyrWJhVcn/drQ=","gcnfSSljQLFpsqhvHawJoBuSV4Js7Vpe1boC4SZSvDw=","eGj88xGpCVhKutpY98+1yT5rrBCWgu5CR03pytOJtyA=","E+YF1xoYnI2kUqyjRxXblGY8cIRlXkMGgLNzDjr0LVk=","P6u/OQWlYIAqIoLHd+JeDSQilBEwQWe5Uh8UQUI0zao=","1DaMFDKEsVGyo9U/85jthHpjZ0AX4wH36orElFvJdDg=","EucUaji4KJN9xOGp0QH3/62PgDO/ICXClG9koJwF1vM=","EqreuR46nhWQHtg9+Ihih1WpbsIhNucKi0WaT8Ioaf8=","ARNeEc2EQDVRx3lMyJmaMIQ3JVU+jyawNdkZDbk8Dr0=","NlZ1uFeVELZsF9cjoZItWNMzuLsUtfci+wYvV/g6n6U=","AXQ7g2/BLTtgNITdo9/m4RW3+8QAb6ZzTFDZHu4Ft6I=","MtpRoTrJmlggO0Je3R//isWxxW+78auofUSGkVN4t3s=","6/z9giZgPC5SSNRV7HyCS6uDfgiP+ptVoYLEZElxNA0=","V6imA1nuPGFTGsOj98x+qyUZ6SDzLSFyqxlOrdMtpBw=","bd6wN1a2O1I1ps9kEyeTt9vEcw68JvAGOWZZvTpmLHk=","TR8QhlHYURrLHWVZhbJcUUT5863cb/M6yjpu1lnVITM=","+zNxJ+2uDuzcYfXDdOOB2OCX3mN5h6QPsnvmRfBB3bw=","kGmqSsTtA+adCyqWN526hMmF8p3xoTQhNS1xLyI+3ig=","VvROIZnY0eqdPAxMwuvbSAMW4dz1tfe3yUZXb8i+4DA=","AVTUNwKv2vzvk5YNkPF7bvEWARslZc7SLXmiAKNl/Sk=","kN7OT2BqEAUyFcNp+bSYYqpCTk66WdWcjZI0AQzgtc0=","sL1xGKbyrcAJhWPk4B5V0gzu4iyMeVF7igyaPMSXnO8=","uTGf/TGL2NpmPa+ZM7JQak4XH25mxVWN/97pWa7m+m8=","vNo0hziw1xa92DJUgFjgSCI1KXRBeSrNwcGoWJr/1P4=","5Y59bFX9HDwZPwg5hRRRntYaCQtdGDvwaUJPxuuI0ec=","tOfJaRm6jgbLrh5hr+p/0rtk0CCeHtti3kO4fNm3ApQ=","yB9WvX7TIAHmsQlYWDYWzm/tIdHA4GAMUOl6+gynRPE=","d2vqYbD+SqwlvlC1/d1VTCFnjXn7xVHcAiIKLfDs4jc=","fYadfzBI7K8H+Ley/bD2ghUfSBzLMbbT2Woe68l974w=","WWIuiAW0kgxaOs0sSg1OprSBxL4AXen7smFPash5BY8="],"block_size":4096,"path":"scripts/content-script/main.js"},{"block_hashes":["e55iyh1h85DmojQc1wM4Ul1/Xh/CxqSfTc0owMQ34D0="],"block_size":4096,"path":"scripts/external-app/external-app-link-checker.js"},{"block_hashes":["5QX+w1/aM6kLa4YFx2XXSATUKSrMrgWM6ONWGpYx418=","5tlm8fIwfH/mbI8rwk2nieLz1KmVcJ7rzCEhtEuUKlM=","Q2EU8xVn1cDNmkwtz5kugXcQebYRJgWd1NokiYMkRWA=","oF3y7GFqBccKPkmNGX1kHI1Ejy43kLgYw2IgY9UqxJw=","ZZRBj6deXOUh1/Dp6i6yWBKjMFcDAKdLvDESnvYnLfo=","95rFT5SzeAt5M5nLYRG7Ill7YoPRkPLyAQGb8KPghOE=","A6rHyuf0llsbyM9e+e85b8XVQkuCpuXIT+E0/Jsw28M=","wzYgylTn5kNZ0xX5503pURcY0V2ST/+Bg+WVpuVAYkY=","RLlo4g4brTCYLgel2/T81/gZAc4qLtU54oRKg0eJ18s=","V1QOv91qWxACxzw+Q3PsYkDla/AzKytElnAc+UcBtpQ=","xQdGkq5zq5jStKDUU0sI/NSfiGBvuo4YACxZyePKZKc=","cE7lK8K41I+m5FykOZUTMklTcYoMuezMhIklymWPvkY=","Vrr5P4CO5s2du6srWq8fKlW5bXiayq2ijg9ju0wmvDw=","qm8vXVZx4UUAVjL1kIjwAKpU1pKVECLX+CYO8Me7ZDc=","Mkmk4nP0jUSE/5cp53OvLwiG+Uebofi1gnEJtDSVR2M=","avj/6Fga5flXse/Q2TDRRucD8UhSxS02/1T6oA9pLbA=","LfhP4+ldmWnAWxqDmR9zoAPrrjOXQAbYA0GtV6MGgMw=","gWqKk7u8Hpn+pGAwvW8D/MIjvQO3DSsM8EYwFUnuWsU=","5Pp7yyj7E6WI1/DK52GOrk9vSYuih8ikVeN8ViwS6jw=","F7X81fkc8dwraQ1uimfgsNT16O31WNJM/TV4uqxC5is=","guuph2qpRGAsFIxce5JDwhkznou8K7da8lbZMFU5JXY=","lz9CJv39qLSTSN//uXzOckHOspiHwbDirt/mDjGfCW0=","xrrAgpXJZvkRBdbbtBykNBmsjhv5bWIrU8vEADJhNtE=","h44q4afi7w77tio/u/UZ8Wy9TWhzbBtIuoL2owOx4GU=","4t7TcH5UZlkIGBUgINuyHqJoHbU1GnykoKb/VKxxFw8=","OJuozuu05ENGVmlOKj02+WYcROragLjsyhGOKC+c/6k=","PlRYrrgwnRQmsQk7WR4c609XXQkFBTgNql7MApU/YpM=","0D1kz8mqyDXacGqSZjovnKiMfFCJKkW7OJ8XW29pFhw=","JpZ+N6odFCyGvIHHDOncR9y/yDp5RC9mjFEPOQa2VRM=","iJzQKqMctbahgbf7qmpqNdQ0t1P+fy4THpe/sChlaI4="],"block_size":4096,"path":"scripts/external-app/main.js"},{"block_hashes":["8zAHBwOkMONcJtdxjIRXMYcKjmElT7P0JjNX8VFheU0=","4orH7M5LTq2LHMhFIOfQgYD2+nOgKUTQM+665Uo6aO0=","NpRjKjXb5F76YnxMBr8PGrd1b8L7U3va64IlKgPqqtA=","mhrrBZcl2N5K1Kaou188MFOHzu2VthDHvMZItZi+TAo=","B/NSwSJTwO9N10P3803m8IFM7HMJgxTNmpglSuxmKk0=","yu/9reSkB83GeKAXD+iJUaG4vGrrtLD2DBZ5kngZ0eM=","wxDWVtOoTJrWDoKcqbhrckepquS2I19MW0Q1CZ3aMNg=","Um986YJqxIwNTyzlkP+s/f8kovoT3k1XYF5Wy9kkkBo=","5ZWQcStOLO5Eq8HkMTzI9LUMerll/6uWK0/tbHY4EmI=","M40WdknsJ/wpbHavi+tr75o+p6RkfmGfAIcfNOJ/c6o=","5UkDOB0ktehq6AlSS2eF8nJ6TBt87k2Ajqb9d5hpADs=","lieqckojUlBMGTITctvi2PfFI6F64ljb/njTjMBoEEQ=","4vgCBFZQKXkfhlsZbzHSOcG9AuFQgZA/WiT9jDNUJpI=","XNxFWY+Jta6HNf/xIIHmjdPP4qr+XQodu4/O6n4bgGo=","Lpl6xUcycyYiZDexPq2o8kJJKTXt9XKKlxaIU3TEhE8=","N7LSRdpuVHXf5SFcDwr3ySWr6VJJWKwxbcRTMputRpI=","wPJyQwNg2lMK9sdEM3iXcYnf5exyQf+CPGwggWCMHU0=","Dai6v774JtUgW9Bp/fZZ+wlIoxE0wFtNmF/0niiUHIE=","rh9382riyrLa64V6t73i3okwoH9ErWoceaV0TqgNNjU=","w1QUZT6fUSMZbn3c1p4WtjIEx4HsiXsSXPDZY6l0kSU=","jY0CsWaZ61bqq9ZED3L3S9mxHVOnIjKVVr0xZyQ3Jts=","0LC3dPDFH5RnSajQXTirCwn/zGbiZsxTfxeyaNx45dw=","FsybRnArPBn7EJCDy7CtYukymJUakp1kBGqaHpeAXSo=","j62vtYqs7xdAqdW72wfJeOxW9th3DzbomKDxVr5jIys=","xdAqbPqhE6Z0S4nWTUaHSxShT+tCcJixMukeEvZwUCc=","cLa36wbQhdO/t0qPkbVscP2TmH1vJfzEtx5HYmXX6FY=","NZsJv5Pr4/RR/W6qmxxFx2lyi7fpMpAoUaoxZuuqU7Y=","KfgVQ3qT4pgwJN/A9gz/JT8SYbK2UHIUY6H8A41+l8I=","6xBDh96rLkanbKrnO+qYR5ELhYnlPaMFJ2g1ArJFaeg=","HuAFvcjSGuWC4aKfil5b6lS6z7Qi+u/dXmmSqrhMcFg=","jcHBvcki2Y5oWAA7o7P29ZYVTC6KtSP6/eMXHbVL0qg=","Y0qvMy59ApN/+AbcLCN+VCRxRN++1hhLBrsFG3IBQS0=","IEigThiellj+QVZzALSioDZt4bU4Qpw8U4IqizbMhBw="],"block_size":4096,"path":"scripts/options/main.js"},{"block_hashes":["FFdg8xY3H1cYJxW6MNmTdwLj+mse8Tr7WmbLowsCmVI=","ZnYoJ4yeXStiiEsz7LVtqhcXjlSp6e1TFA7zdcNtrvA=","DD3L46gSykTgo4SPCT3X+3iynmJKZILtFY+DWtleGOY=","ufTlQINNbH5vetuZiHj974k+1n4ywXBfyeo/SgWT630=","/Myu9ss3qjZf5pWA5/1ySetoIkWdNUBYMTDgdjA3LIk=","I5KuDr3mREN42TkGTGqgHyMZRrc95jJrBqVviM2C5RI=","n6R+NQ4MCkYOcKYpsAPFstOjnIfPd3jOSN8ja/84FyI=","FyFcwsjJwKf+Ba0T9vTbkQOS5C/LHLO+6jba6sVAE20=","+mZwTlnivBUtWVUWr3EZLf3UG8CDVf8THidOrjBypew=","NVMkoT8D83dSkBIfropLm1eOJi088BwOY47dmt3yKHc=","QZOfKQ+el6X+kLaxhox1iEawADVEza94jBpLktVFP9w=","BSY8feAMAqmKX2c9kLLRED0DO+KTF40hYUKUDXBFp6o=","+7TT3Gw57XtjjU5rbune/t7nQbA/rBpdZslprNoDSBc=","JWPPVzdtPK0tsmVMOutZ2JuyTm/SLxdBKJNMJOinZwU=","/FAZwbL10zPbSeiPJWySgL1ip/quePxGceEgweQc/oQ=","7e2W/pdvMCgQ0HBSy+UK5gc7NmppHyI0BMZXk7XyMSw=","4Bc4WtWTycInYrg0FSOWiNHNB2g+LnwdP/lrcEZc7/8=","zmr2VKueB5lYMxVNg8HxIiJC3lqfBXoof+wiFskYTqY=","YXVj7Pk1+vi5X21/DRv7hQW5G/d4x7QHPnZrY9Zx0Ys=","czO71q3awshK5HXjVfcx5IDS2v/XTTnimBschJIIi8U=","BL7cqRZOXRLkKQOkrRiorCt3y7sQMo7RJ6vPKz/zib4=","aQdaRDS+0Se4N02LJb7cAVcV/9gJea6Hl7fE4WiW42A=","ZLsFqQGwX999Kr7v9h6248DgpVVQ088Q+FoA88e0Tyw=","OOOxLJBED5pNgQlv3RNogvMBR/mSmtHvm86MskAdl5E=","K8fRneTE7j/L8DnSVO9nq5v1zmKf3eLnwITkqNN8L3Y=","MeOPb4YiISd0ApZ5yoQ1m6VqVYe09tjp8piXmMB1Hng=","sHYcVZaTPe8E9q8YSeKjb0thK3vxXbl7TpvsWJCkrBg=","3AHVe8BYLuAAsX6bM3uT6qd7nPhmkAXz+lj3tS6aQHQ=","KmBV2h6EEpbvp7Y0dykj3XrwgjJrQh+fQGSKeNqpz4w=","J7oelucIewHSwZ/Mfqdqj4cJQ9PMR0ujSlv2dJIELd4=","yOL+ryOQ8fVzqD+AG4zRph8uj2i6ZU+Sm/xGnCxfPrY=","X8QF8dxc17AMmFY2sQY34OiDiKZboucyVZ63wheRdX4=","HUlZMl8IeJiIXRaiMiLWRtnbhqeCcieBIchvh39ejew="],"block_size":4096,"path":"scripts/popup/main.js"},{"block_hashes":["dytMPbeevHyo/LoCS+BwktirRppuJfCqRq01TwL3bQE="],"block_size":4096,"path":"slider-switch.css"},{"block_hashes":["Q7pXjo/SEN+RwNR0glKQDX4nwxgb7Pg/mQh/6+fD5hk="],"block_size":4096,"path":"spinner.css"},{"block_hashes":["i4YYodPCqcTdlOLd8Bkm63lNgg/T1LoiAPte9UknOD8=","LZBfJjdkjU1+SW5K+IUFcccq7f35zB43yxVf8jW627k=","fOE7ziXnSqfc+VDcE5qKAWmI0Exdfh6325bITh5C2vs=","maRptUOwWNjVcEzKi3W0IJO/zmnPi6+VN5d3m9DDzIQ=","geK6smS9KAYITmzaSyWqMSi410JHGSZoqJ4owWvAVT0=","s2liRlesOtzw6Zfufv9QYhMv3puLr+ndR/mVb5e7x3s=","tjPq+GfJ3MLaEHTRp0idE1U5bFI4W86gFhinGo6DwG0=","E0HxHnIdYy5wDpqgjJ9G1iCEEtCt2jRGL6sNfVnANQc=","WqcpBv6OSHBZH0xm4Yc0one0RBycklTNTgBbANeuFhc=","0tWieokbSc5iBJ1AlwfWIIEZyPjWONGUCn9/Ko5OEFA=","z989yzxlHW8fu/HOxjVDCaqDKboSxX7PKsMMYPY5mA4=","hKvFD29fVJNFxHDdMXWHh3ObJs0dxUZSWOWxGCzPLbs=","KO+icA6QyY/SEgS3CYLCebEjpPn24VbLH3F6FtAA+y4=","0bZwgOxjW/9Sz5HgU5QB9zMgMHPlyPJQGmgLm3iW5kk=","goHFqd6KaA2B8nV409ACdYipsjIwPYPAuwJgTwixXow=","UF3gitU3MzJuiX9lDaPt9PjHh66Zze/41rst8UwNdSE=","6sDHYWP7+MoqWbUcXd09nsCIusuo2ZjiS08rE3PHKX8=","BWvRkRg8rcope4GgDNCI3ExzC4Pl7g18n5wccEjoVyA=","7q7BMGuGAEZ5DgWaQGRyj9BsvKzK31KGFI1YtU5CLTk=","b05DFPImzhXts3YDGkrBzw8SXS6yR1chpzUOqWMpXkE=","0X4jN0rhLe2WK8N+qC6NPtKCB1rg8ZnGiCjx6R2x6EI=","g1QI4o7MblQLkTolL1GybwMW2xgDth+uBHYqgxCGRak=","6CUJL87ngvtwWZQp4OTSioLX3qXGu+kIa1Yrtggn+6w=","9XT4Xpld3dXOZQAedX8JTUW0gGegG4th2qjdtWgg8lo=","qzYzEUfIIVwwRC2p632SS1HRyFF8BlAzS6k37sTFoWI=","/V6bNuRKUg8QYnfLjEisQ0otO+B6J0nhNtYEFKhmv/U=","rJ/3EumhcmaDVZK1Bz0uazBkB+8y7YUIwy75N26RldY=","dHDugh2ZyLqiu/v7UIp4RnBp2NDeU7NL+IjQabm5MHE=","ajbymGbTzImr2MdtkR4K5u/TjN8s5QmJ1C6HYyNicec=","rm219WDO3XJcykqHXToj9z2TXx8Jxw+Ry3J7rOWziPs=","uMltlcwITYzWZySvBYTz/kBn2VouvwAu2y0NeVpNZ+U=","t0SMnApbNbcP5NtdK0yd7Pmxrnt8V256TcAFMlxClv8=","BSTPR3IMqR0RLYw/EWsXLkPaPJrJDY31wL6oX+3iIfE=","SFY4IObabn9o3nf2aUUI6fLXgkUgZFkuyOrNDtI0TPI=","0nm1QspdTQhwgRjvgiFRNG88LnCYzbhZc7mooKC9SLg=","HBDmP0ukhDYnmeydK4BAA/PLwkL1HdO8HJBpiNxFpaI=","JicZaxzcIGk15+BZchMeSdXKnH8YiOASC3ZsDUoNmmA=","N12QBIv64FTS2KYUA7hbKQTLuqi3HtU9PuSeYKpiT3A=","NXk2oUlV18Ao5ZCI7Scznk/NSxyt6HXD4CU9sjFkGSo=","Uav8gzy8mYP20CIIh+ZmUAAq8cp9gmsBbKC6/DzklMY=","Cnmm1MtxPHUxKD1MS3UkcdT2Bhfkd6u92XUnL3CVgDA=","yFE7r61yQ2Z3TNPFSe8B64qeeVp7Pn0htaNKu8ppKyY=","WELkKCyYV1MLWE6f0uq6alxGA/ZgNU9lXEP0nuLEBAs=","bQK5qUN8Ns6yCsE5HY/WPvATlUQCDT+zA+2/ffP1Ovo=","k1w1K4jSJ6VGnueNoZhr1d9pgEHsIZEiaiOMrhPNw/4=","5Bge2EI66vIGX8rY3AI/byHO1cMmil+JEt3Fdm8IodY=","57bXGzV0m4LYDayGnuOvwwOpElR7sXA/JgiW8LdIpSc=","I8I5GwMFzckdWLBu8Ts3JeIcfNVi5+ZkhsoaOr4m+xo=","uhD1zKvbjT9Cn1m/zTLpqCnXmsvvIobC+AR87yJLc80=","x0rPoJTPis+BgJV8cE8/JwracnDuRod8cj7MmOjd/nc=","gmt5MKY6cUJ4xTmXmOwTmAZwP6yertIUfowOraD4SU8=","Xvi5yAvtMSzbb8vaLtt1/cdbRcvjJ950FFSFdLDvDoA=","j27yXX24bBBY0YO11CYK6LEeSpQs53hHB16DqaTnygE=","CwKldp5m+xMSTEztdvACR8aLr7DNsyrIyu57VlyWW0s=","oWMRPUbrRq+BbbFTjL7o7a/DH+HGL2umZvk/8Lt42Ns=","Wu5s2JhnY8Ru8p9QKVnQrkvibFb8Ia4Psv/DtelQL+g=","hsP2oaSq2F+pEMMjSspAPXC5cB7zlMxl8l5Lk2tHcXI=","uKw2KuUXIVU6Dzveni3JvcxKdv/GM4/Tfz2GsrsSeZ0=","BEW2r1N1ZLWrOqb9G8g3R1Sui5a3jkBRr4LWhzY3rOE=","Cpw3VMkoN33l4xIZsEwBeSwtahHcu+tWQogbJJnw1NE=","W1pq196R/jsWiePcA6Na2AoJE36P7tLLaLjfAtF4rVE=","UE/eQBCsFYicqjO3oUJSvIocPtBX7bliBfnLdtMFnWc=","RD09LWmi3VRGRp19dDsU8aCLrKa67rGZWHo0rEe/vso=","YGo6GqMJQaTsypQJhEUl7b5RbEo7OqJXfeFz39Q5EW0=","eHFJOQtvKVLpAMK1ERES377aPCicivOGwI2Yjq5LLrg=","F64h08zUYdhHLlNtzepLYUlB6cuHkiUsLfxz0jXrMms=","r3t+OY/s4fRcbAs20UbGZGbR9UWJzDsjUNVmGMiJJ4w=","pdTPqx9bJHfB+pIZ/xaEtk3HcukDTfYO/8QDGaz9DJw=","rD724D9NHbtsaC4qn2601Ra4fdRDSkcd3Zxbu/kKkIA=","YxlIYOXhF/O+5rDZhWfmoMXRekWBdrdTEg930e3Xn/U=","NFXaRoSPAqQFw/c/F6lt2LvlXF9hJdrodRa2qBtpV50=","+gsxiDbKwhbxdWnszC/oXuzIb4qgQO3Ffxawz4ooGiQ=","PQe6aM5ehyRUh6kZtJOxfOM7kLIBuBw4QOAylEeEFCs=","S0AsjEibsNoudKvepn6+0dNeGaokK9zoQ1OAzNgV5P8=","GsyC6yWJm4iICv7lIltHaAAELgC0M1FqHxXm8w8xE+A=","EqO7YbtIkM61RrMCEpeba4Vr+clInp1Cb5JgHHcJ0gk=","L3Z7Bfv+cvC0RJqqad8ysN87Sv2k2yjvqUWLCVVT1rw=","xwf9+RlYqoXArX8KgsvN0pZgkRCrLb56n3ogh9vjPLQ=","B/XrLUDKis/fpEvVvwp2Z+UHdUJYxz68d7XEM2uDR2Y=","lU34WGE+n7KTGoJK3e6bFdYBZGOXss2zB5jfYXpGYas=","SWNPbwTDhslinzQWC3Ucxlio25uvG8vEwbJFx1RtWJA=","T5wLEYc2ZCQutVtq61mLReghYIRP8N978Lb2jSMg4GQ=","ZarFgkuM1ohL4YjS4aaST7IRV1gV6uriSl0MW2n2lwE=","gw+7UFbWd4qV2xb2v9DXZvdrUn9yKwh490cJ5C4jbuY=","yl7yrsl8tntWYUy8Z1jM9td4nQh/wX2mtYPI5ARyuR0=","ZhdAs9Tn8x03+KDvPyQjspDhSV5Zv/t0U7EkoIJYRRc=","pQMeUD8t2zb5blLydoFY27gduGGcDrlZ9wxpqQTOU5E=","wOVhcmWFouRB1rS6TTDOBycg005ExP0gHc9Vv7K99ck=","uIsyRCkRjflgvX5G6WC5RGuj7PtV3AMqekii3Xo8vxs=","LKiI8mbGIv6o7PzeW++4V8l3fGJHvNpg+eDZ01fOst4=","Jaj6zOuVPurBdxJmN72wQ8mYrIwSjS8rc5nnHmXBpxg=","y0+UNvXv1/80MyWf+1VDhiuX7TS5iiKeJIjgF2VTAhY=","EbiQ+J5cEmQCmeSy4NxAbnEoo5ib5wALOuCqA+dY0wM=","RdhvKoaQNbXSbYJkPlLtygssPrIAbIVN70soaUxwtAQ=","vKZ5RQ5QNXG4ITUTWnCMPg4uIYN2r5XNywHgCHjbTJA=","Sx7JyhGfBFvOMJqJP6UWnI1WWcQqz7Fb8zCIBoFVInU=","sfowmbhhl6WVd3dT7WfLdnwZ1Ah6HEh4lM5u1NrYRo4=","AjhRVZffB26DoCs+M6sHjv7qJrI+0Fw+4V9vDCfMEqk=","Cb8yXBUWUBuZ/UPxTUVsBmbXzmvTmh3EP7uXIcT5Bb4=","IFCHHhbDP9Ph+nVm54yUPxxLrBGFPQ5/RdDFRm/dzss=","Lartkm+5UXFC7kzmwAiixMe4hbWxJTxlAEcpZ6lCzXU=","ZhP8WJ6BK3Utmp6IzDdDJ/VqOu+drIB/kQVHGQPHov0=","tXa/BBeGDVizx73RAtA4oJPNtsvRduw89Dt6WfTpOkI=","ewqLkgIQqc7StDaCrTEXLbpsOeHeUlDnUlVyAu6RFgg=","x+VAqh8Asw/CA2D8RzSDCF5T+CgvOoImZrSikoYOf9c=","XI+Q+Ib1QdMtPCFd8q7I0uvCkZqvsO2D5c0xwG7E1Pw=","Pq8GkatYgcSO9Tqm6IrMdukOXUF5ucX+COAa5kRkkOc=","/+CqyN/25c64kV2QcYbHeKfbNBLf+rSSbKmR1iGctfs=","0FvyNUiPWMZtYdTlB1jlmUg4sFNJVLfxzlFghHHCDlo=","xREEJSuG3BKnV8AMbC0ZJaKg39kfFbBx3w1Zn+9Eem8=","dXMgKFBfqn9eP6vdjfKhI/332ssXx3Vet6wbx49k23s=","ncKUSvdhgh1uT0yUXuejWzr5x34xt+FWj3C5PPmcOzU=","3APm5R4RAvSU06kRgNXh6xQlj5zQtd8GIPZwJyDRKx0=","Z/6s8g5gI2zLIlAO/fnsHD0XZHCXQfC3cg/WWbRbnTU=","GksZsisgZfjpGhPNAHikhIbyiMz8SgnUMJZ8u8P+q0E=","5NDwyXhdVrNCKC+NKyJf3uTtq7gnuRPWvIQ96VsDIQI=","uVI3EGV4U2MdHBrUqeDZU52K36d/7O5/Ceqz+ffDl7w=","vjvvlUa40ufl7vBi11xFN9QMG/rW2u/Y0mqCG03fkoE=","agleMaVsG83mQuQ0LkhF2Fsu8Usf5hVMhagAihgG7+Y=","yJpqkFKhELEpdWi+mb+GUFbLG1bbr1DZVFNeZGJJ2Uw=","la55WYVnuiu7w0GwWDoeH61EG/EbWMso/5Pz04eAaQ4=","O/h+cmKJp/3evuNxtQL3gDDaxsnPOuGg1fYVxdVy1mY=","/q0ishL871FZkNs6ROW01wanvN09cn0DQWhGnujbyoA=","9+2HlMOL1apOXnzUQ975j4CgMLoYyKBoeDIAdQ7sBYU=","7s+yUK2UWaw5QqKBYNVUvo+5jdMeo9tmxrCNSGG3eXk=","sVHEMhSEx0D8YuS/3nIK6YMUyoQPhVGiu53LmVCTvMw=","9R94NEYFGydBZ6hem2QxB1Jw9qOfnCwC9NcNW/lMW5U=","CzW7eWK/JW/VaXqccCd029HlixqsG1uPV5bVnPEFpas=","55GJLULfU2N7PGPMzBrGBz2sFiOvcfMoy62JxCApMeQ=","hGn83AQN8e+Yov0IruNPleWxdoOPoV7+y4g7U1wqRJ8=","v56Evavp5O5HtQf3jxpXMeljV55szr70rgrnWLdLbdk=","t4WvQJTobQ15Q3vPdk0ViIR5aHRRf/WEH4vdgiTqdno=","RhIJl9xq5np1m4UvrVM+WhYYvPAaPuI1hCzeCdp7e/g=","XnDJXrAS4yx5T6LzrNoK/4/zlAkowTdExEYevfcUmNU=","CB2gkmXBK18yeZKTr0tEUr9oTb5ojcuAymTiGSxOouI=","vgz51RRevHbxDWFIz327i2sLKfwvGtii2aGS2fng4IM=","hVnFXnRTgg49anxtWJvSCgHMlo77NNUXKsa9kDuSi18=","fNwTQrslxKa2y0sDN9xcCIqzGEe+pHyZz7QZBAvR3EQ=","u4efNWsXdoFJLpihEvRmXnlSsX1eqL/+QXWg4VFaSAY=","zP925bzy8XVdA3AI5IVrY2NXBHRRXiHumXtXvaN22OY=","ulE/QgzAQegDX1+EAc+NPn1FBBvum9Derg5usuqpgB8=","zeXhMpBNO0q8o05D5cKq8VJdN6VvRnXLEfYfzQcquT0=","Y8/HMt7sDtaemMmcPHwXC3XtLJ5fu3LjFRHc+6BO9ZU=","p86JGmTdkfzpMNG8eA1bkXWq6IJLK6apMX4lYCMFxyI=","PbWPT6F27xf542XaGEZFvZh1YtII0RIwhfkVuabpWUM=","cAGeX/UlWfL+jD1SvbBBUHEhl89A8WCcw+qMC3z7sTI=","YTv78vZ/LTiKJ7SX6UWVEx1k2ObYJLoxu1w1qKPbeNY=","w44k4LTvD+zLK1/tI1HVDiQ5+08bJviiMZaFpIyajnI=","poOBMDsph6IIGUfyFZiZiuPsvRXk0ulQZ0ft5Ufq2/I=","iZ9O9O+8kd9fJqWv6as6aOhtI/DEdrQ7IuHmouJX82U=","rA0eSNdN6E0DFN3862t2So18MUUrWD9ds4kcBFjHM1o=","p+N5bhDd8rF9FXYzUdYlCGEtdHwe7kpsFnZnfPJgrjI=","vkcug1hxz0NM349Bp4w9TB9xy564Aq/Qt3XsbpkQcmo=","xajqt5QGu46k8B7c5HHP09vSAAzf4j8hqZgbBG203tQ=","WY5NpKvTgjvIFcptmsPn4BaVb/Yo1zUbvf+ApAAMNVA=","Xqdn5aGUidVLwF02hWVD0/T470cQveWV0x19t27VN2g="],"block_size":4096,"path":"unpacked/common/main.js"},{"block_hashes":["G1zI8nv3h4Fc3JfxobsMR+mdQzDsZcfwKIX6OyjpaDk=","rtccqOCQfIxJpjGyxtvlLGUnd8E9j5rmEGq7rk2lD6Y=","h8VGLnrYaf95SoxEaGsGRbqPM5J66bgTWh3OUFkCVTk=","R6eLwrlKE9+ErEiRysB5i1Mzbx9OH+n+LkvMvvVE0is=","GyJPbEGahuYGXj1xnXHtHqPClp9rcQCCkBc92XLVmjY=","ftIOc0O03qZgFWLbncCWYjGQ+gh3O8TJjetRNAF5Py0=","5Mr/52bR6OuTmbt42htx+ee6dpv+D4hWqjo6IBuBAt8=","mRqWsc4LE9GEqBm6oNDKfBJG+qaBvsbfq7lc0iEjGwo=","ljzsNU/jcJ0vDPagaTJ+dT2NPK2a/vpZXF9XkPK6pk8=","Qtu8hEDeKK0+RnRtV+K63spkDRZuUGlJGjPOSes0JHY=","1l/sqGebRsK3KOmZYnFQLoFzh5u0O6CysA530FsUQww=","/wAdTzl7XmcG17GpKjLxjRfVSbxrtLWsU+5kzoJHtPM=","TQMw1mTgX9HSaAB384KwLYjeY2qODpPWNLEwc5NvCr4=","+UtHy15i0zNrt6teUc7eAk3IyfgTq2miMiXyUIQvqNw=","N2AriWK1sT4UX2UlGJZxeHlB+dfeadzfPDQffmkGusE=","NZRXi6NqRs/C5hb87yhhKkfgLnNl7+Pzn8caVlXyFBY=","aFvMyAVhnOrDwdXpHeLLmlfxt16fHkgcPWqfIsFfG7w=","WrB+N8tJ8VbVxmm+FO0ge3/BuHcNFkN6iBRZytx2Y+o=","O90p0fU8xlNMfV1ixz8ydCMe1GgoCxHcVuqc65+66O0=","fia9p1mnjjLkhdIVyi0YGj14GpFrMh9DJ1dHAew0KwU=","Ey6p7HhMKeKOcF74nyULMAzptTykb+sXxSJWBJvmMw4=","HL3+OqIdNLelmTCun4jEzuvrYGQLPWcvtmSSfOew1M8=","7d0tB1MpPCmakoPhTalszII9l5kf3I2QLIbcIWTR5CQ=","o2DGtDuw8jWAZl38XJGrfdprfx0+yn6jY7aseViSrpk=","0ExwZlTF4hl80wZ21j91zDc6qsqdHr4Iz83j4XwTNiA=","7phNH43D+IcV5d26dNMFtqHy5+HnXHomAlF/LVwbsf4=","JxCaDzEg7prRuVq3kappxaYzCZhEq6RZUAPfA645BNw=","oHc4KoonGykPkH8VMfLTNiK15Bj9ocOcEJw5cuQaEao=","FqLG5vwbXWFyG3oaUaUYxW/GET6iUc6ts7LJBYvEjLU="],"block_size":4096,"path":"unpacked/common/scripts/blocked-file-page/main.js"},{"block_hashes":["FFdg8xY3H1cYJxW6MNmTdwLj+mse8Tr7WmbLowsCmVI=","ZnYoJ4yeXStiiEsz7LVtqhcXjlSp6e1TFA7zdcNtrvA=","LJmZj07ju7+ax5A/D1079dkHHwjYIfUZdSxaiONjPzE=","nuv1fgQLlLYff8eDMiSjEn9v5qooMM/xmKb4D4TTzeI=","4CEmOeb1IXxE63c5Du3KRTs73Tip8SWcfxeaVyRJeLU=","y+yrKMTAhL/2eta/FKXuA9zcNEmdrfMBtPI7Bct7jRI=","wOz3DxUbGYT8u8jdo+3SWTtQp6o4XoWdtDuZmmKSnj8=","e9cDJRja5zGe7epyP48vFDlEud2TnFim8QU4KftWTpY=","WOVxTHr8n284hW/Wpjk7p7cGW4dW7cdCSHYSW/nmELc=","KhP4phkUS3hGnqb5RAQ2knf7PXkzWbrpHvyTGJpkpu8=","Dcvir/gOMrOuUUjghk80dXjp3i0g+UViTdC80CJPCRo=","OXDf1gTJpQW3FkbwdcSgcb95kTJmv+PmZvqQK13MaWM=","nYCiwKa3iAanJYeALMPMCb8C8vS9JuMAfV9q0Jto/ek=","bjJzphv4fUrF0k08i7x6Hh01PMivHoSzRU8OzY98SC8=","yGK6uk+t55mKOSqLo8Z95zXktfAG/qtmDV5Gjhg3aYs=","l7EEyPs8meMK36KXUddlYy6uMRZhMGK4utB9ZLy3h4c=","4vjVZHmTg5BaR1IsTKadinov0y4NW0cZi7GoPjbbJzQ=","rAGBFQP8wvXzC5FCWOft1z0Oj55K+mcGORTJvJZURVM=","yaVIbQ58dvOsh5veTx55YIC8MKXSVB2t91WGOQl0MzQ=","yQygnd9pXhLTdM6VX/X6GPgpzaXGqUmZPZn6ku2Dhg4=","jpUyFHBmlLCfW1KiMOcgvpUH+NZY6QhXdqA/jbWI2Ww=","PqYmbbqDWGWAF8rIgvpWk+Zt2sVGROMkJ778U/G6tFY=","J4sr9Md2z2ZK8yaXMSMghk2N7aU0l26WgpFEVaXo+4g=","iiNSSRS/1jgTvlVqy7qOPAmJYB1PAFHuF93TCJvIz/U=","IRC0pOs7faq/ZHAtMGYjzXtHeleElsKU2u8HfEfU5WA=","ZinHX/0ubGubBJKFn2YLDWlOTA4XYn6p9As24UHBSF4=","UhdzjPnGef5HHAoyNF0OUK5NOvm/gvitUh6GFMyaTu8=","WwzkrMBA35cMsSaDqEYA9kLLByYuBzCmwo+HjtTv+AU=","wKEonzhydTMuoVptAcVo+2mb9XlxKtHzgnuJs/cJx0U=","oO9x/sJ/7hldmriBihkg1WYS1oUGsq0W5V8NWkjygOI=","/taHg6NWNZkUQ9+8/6IJTKp+c4YapuUQX0EfIrw6bFQ=","Bi92946DQnVqZymupeFv/kt1HtAOnG80WWwvn9GoL9w=","IF8ytQzZ4owEsQsaQnkU9VAXZ9EG/fGHo6/t+bkfmew=","6zSyiVQmZ8XpZALEJfrH7q1I8Z/5g+EEMPtIdO0XNEc=","UCD+e+EFpEHXXzj8AiGsg40sPdHJGru0bLRgaa7Nvyo="],"block_size":4096,"path":"unpacked/common/scripts/blocked-page/main.js"},{"block_hashes":["pOyefxdKqwbcrv3szO0ZJ3oR45uOu37lkoQ/PWDinFI=","dHu7pe+jZUslKAp1jHSt0l51F1XGXv1YTim97YTCVBA=","0R7aRXNXKPLXYd6QfTrRVN/fq6+HwnZvPD/YlrzjrUg=","v0bqoBzY6PbIMOZuclwjsP88XsDhJB5yMPZu6lNsMGQ=","x8Av3faB/g7rZ4LA6lUUbimFPvBFU4GghnyHytLb1JM=","EBQCBKDvlOLLG3YYOXnYo93/RLe40T1dpc+qvqQrAB8=","4VU8a4QOt6+2oRNblYDn7gaJSIy/Uyx/I+X+ii4qhTE=","3zKs3L0oKo/DrRttjVzS+jyp71hXhzOXZJSLu+6Ojjs=","kf6jpoAn7WiEBgcLrDDDXsyHxX3uXhsIWSwpYEfNLTo=","XcILTOJ/6fzWAt2kVOE8gG6ZUhiZnsOBTFugOTXgEYg=","68p5Mu5kWQ6/jwTajlywkYxEC9pjVBfG27+6I1CUT64=","GwRKFDGLRrwm0CXPA+mpgtYHg46admVYvN5fvbxAg1o=","PFD7ycIu52SMiYcsUsw/U0MP92Aud86HMMdAFyWnPYc=","T3j2iXBKkrZZATn4DG7rlsBQL6uVR21B9KmYdFg/evk=","Pk52eJSxnaq0qh88DeeN3rN/KivEVekeZiY9ybYw32A=","z8/QWoxKaTvI27ZKaw6ii8lqt3V/ofX3mSj4E6YSoC8=","3hIhUvvOArdt8ucNshXxz+WIKL3NQMrcIR6Lsq9cAnY=","f8VO+9eDOn1xtIjdgnUAIJV90ud3h8SEiJKhPJUetO8=","dmUy8UeGOyX+c9gCHLAOuNVMzt9eKcvZe36KtO/hC2M=","ndiHPfGjRFncQdHDJaDqyCSA7Si45aD3zxXJFCHYf1E=","sHvDpeUx/zM0YesYnspi0xINqegtcxsWVzEfM7TKn5w=","dADQrOZWHGPhZnpmwy4/v9mJlktA45Ts1cVXYyJUxeM=","VJ17O0iuYATk05TbJaa9aUyNwkKv68ziX+eltfydEhs=","huAD09ymSTMyw0kBpRsk8nWAF3oVUlND+2DvtoXbSas=","x5V4wF7PjLJtwhcYgyweuYBK7G7c4MzDhJfkmzg6n7Y=","tSUx2BOBvgJ8YJ/8rQIAzQSpldkUfY3phRXMoeSRPjM=","IMB86NJN920sPxAH6KTzubg5Rziyb3LwISeVC8d7AU8=","LLqpgHxdIK39Bmp0GyPbIRv/rcO2EKDpeoc9ijKgfu8=","76QGY1XwR84Ln2vx/CDEFl3Y2QGAwy16Fi8LTScHfG4=","P99RkihmEiPZGGRXbM0fuzBProUzYchdHZ1n0o1ar8k=","Q86tPFoTID6vxK1MjG2UoQbkPF0kmVCr+p8srsLHrjk=","xpEiLXIN8XugSvInUHJpWaCTGM49ZMM1I9FuSHSBJ6I=","ZD1fqQ1pwixDASVXEC9A2CWbrP8H8lhA86fpQzqzvM4=","fmN+Hrv+jcJCMkU4M+ci+zhEOszY9vHCb9ymuACYo7E=","jykerfpMiZUfmc6oKlP8mlzX5uZTUYtP0fplRSm0BDg=","GuE6G+lRgcZpOPQri+1ohxOsQB6LAPsirSHvdEUPB1o=","UD/bOJAFtL7qPS6pGU5s+Kz70x38QK+v7hUOvU3xqtc=","kHpU6jxdc/K/OvplBCu4yR2zvj2R8Xrt5E7t2aX1ch8=","cK8xCWKhYN5Vnic57iLHq/n/36Yq3W7Prx4ruQmPPcY=","JeDwnMFRmRzlSFSoMKTQDMtynIgz4g6W7mV/eG2I6fE=","2k3o4hhXmCSpWDRQZ88yaimkL1gQUKNdU9mU/5QfD58=","xKSTWXpubsp89mGFluzn7V3xOADbxHvo4qI4iM0JF4Q=","tq5Nhn4MIZ0etVZHAmK2Xdpj23a5Gcb8lQHveVKG7YM=","I0as5qI5AcSXmdHLzQC3ahiv6rKwVM/YAS+Om8xsl4Y=","Fo3RPoE8UDOXeJ4D3GExLjpZ9V3pufjg1WS3u+eyzD4=","md59ZZjQmLS+HULMS1TXEbdWCdbx+UxyrWJhVcn/drQ=","gcnfSSljQLFpsqhvHawJoBuSV4Js7Vpe1boC4SZSvDw=","eGj88xGpCVhKutpY98+1yT5rrBCWgu5CR03pytOJtyA=","E+YF1xoYnI2kUqyjRxXblGY8cIRlXkMGgLNzDjr0LVk=","P6u/OQWlYIAqIoLHd+JeDSQilBEwQWe5Uh8UQUI0zao=","1DaMFDKEsVGyo9U/85jthHpjZ0AX4wH36orElFvJdDg=","EucUaji4KJN9xOGp0QH3/62PgDO/ICXClG9koJwF1vM=","EqreuR46nhWQHtg9+Ihih1WpbsIhNucKi0WaT8Ioaf8=","ARNeEc2EQDVRx3lMyJmaMIQ3JVU+jyawNdkZDbk8Dr0=","NlZ1uFeVELZsF9cjoZItWNMzuLsUtfci+wYvV/g6n6U=","AXQ7g2/BLTtgNITdo9/m4RW3+8QAb6ZzTFDZHu4Ft6I=","MtpRoTrJmlggO0Je3R//isWxxW+78auofUSGkVN4t3s=","6/z9giZgPC5SSNRV7HyCS6uDfgiP+ptVoYLEZElxNA0=","V6imA1nuPGFTGsOj98x+qyUZ6SDzLSFyqxlOrdMtpBw=","bd6wN1a2O1I1ps9kEyeTt9vEcw68JvAGOWZZvTpmLHk=","TR8QhlHYURrLHWVZhbJcUUT5863cb/M6yjpu1lnVITM=","+zNxJ+2uDuzcYfXDdOOB2OCX3mN5h6QPsnvmRfBB3bw=","kGmqSsTtA+adCyqWN526hMmF8p3xoTQhNS1xLyI+3ig=","VvROIZnY0eqdPAxMwuvbSAMW4dz1tfe3yUZXb8i+4DA=","AVTUNwKv2vzvk5YNkPF7bvEWARslZc7SLXmiAKNl/Sk=","kN7OT2BqEAUyFcNp+bSYYqpCTk66WdWcjZI0AQzgtc0=","sL1xGKbyrcAJhWPk4B5V0gzu4iyMeVF7igyaPMSXnO8=","uTGf/TGL2NpmPa+ZM7JQak4XH25mxVWN/97pWa7m+m8=","vNo0hziw1xa92DJUgFjgSCI1KXRBeSrNwcGoWJr/1P4=","5Y59bFX9HDwZPwg5hRRRntYaCQtdGDvwaUJPxuuI0ec=","tOfJaRm6jgbLrh5hr+p/0rtk0CCeHtti3kO4fNm3ApQ=","yB9WvX7TIAHmsQlYWDYWzm/tIdHA4GAMUOl6+gynRPE=","d2vqYbD+SqwlvlC1/d1VTCFnjXn7xVHcAiIKLfDs4jc=","fYadfzBI7K8H+Ley/bD2ghUfSBzLMbbT2Woe68l974w=","WWIuiAW0kgxaOs0sSg1OprSBxL4AXen7smFPash5BY8="],"block_size":4096,"path":"unpacked/common/scripts/content-script/main.js"},{"block_hashes":["e55iyh1h85DmojQc1wM4Ul1/Xh/CxqSfTc0owMQ34D0="],"block_size":4096,"path":"unpacked/common/scripts/external-app/external-app-link-checker.js"},{"block_hashes":["5QX+w1/aM6kLa4YFx2XXSATUKSrMrgWM6ONWGpYx418=","5tlm8fIwfH/mbI8rwk2nieLz1KmVcJ7rzCEhtEuUKlM=","Q2EU8xVn1cDNmkwtz5kugXcQebYRJgWd1NokiYMkRWA=","oF3y7GFqBccKPkmNGX1kHI1Ejy43kLgYw2IgY9UqxJw=","ZZRBj6deXOUh1/Dp6i6yWBKjMFcDAKdLvDESnvYnLfo=","95rFT5SzeAt5M5nLYRG7Ill7YoPRkPLyAQGb8KPghOE=","A6rHyuf0llsbyM9e+e85b8XVQkuCpuXIT+E0/Jsw28M=","wzYgylTn5kNZ0xX5503pURcY0V2ST/+Bg+WVpuVAYkY=","RLlo4g4brTCYLgel2/T81/gZAc4qLtU54oRKg0eJ18s=","V1QOv91qWxACxzw+Q3PsYkDla/AzKytElnAc+UcBtpQ=","xQdGkq5zq5jStKDUU0sI/NSfiGBvuo4YACxZyePKZKc=","cE7lK8K41I+m5FykOZUTMklTcYoMuezMhIklymWPvkY=","Vrr5P4CO5s2du6srWq8fKlW5bXiayq2ijg9ju0wmvDw=","qm8vXVZx4UUAVjL1kIjwAKpU1pKVECLX+CYO8Me7ZDc=","Mkmk4nP0jUSE/5cp53OvLwiG+Uebofi1gnEJtDSVR2M=","avj/6Fga5flXse/Q2TDRRucD8UhSxS02/1T6oA9pLbA=","LfhP4+ldmWnAWxqDmR9zoAPrrjOXQAbYA0GtV6MGgMw=","gWqKk7u8Hpn+pGAwvW8D/MIjvQO3DSsM8EYwFUnuWsU=","5Pp7yyj7E6WI1/DK52GOrk9vSYuih8ikVeN8ViwS6jw=","F7X81fkc8dwraQ1uimfgsNT16O31WNJM/TV4uqxC5is=","guuph2qpRGAsFIxce5JDwhkznou8K7da8lbZMFU5JXY=","lz9CJv39qLSTSN//uXzOckHOspiHwbDirt/mDjGfCW0=","xrrAgpXJZvkRBdbbtBykNBmsjhv5bWIrU8vEADJhNtE=","h44q4afi7w77tio/u/UZ8Wy9TWhzbBtIuoL2owOx4GU=","4t7TcH5UZlkIGBUgINuyHqJoHbU1GnykoKb/VKxxFw8=","OJuozuu05ENGVmlOKj02+WYcROragLjsyhGOKC+c/6k=","PlRYrrgwnRQmsQk7WR4c609XXQkFBTgNql7MApU/YpM=","0D1kz8mqyDXacGqSZjovnKiMfFCJKkW7OJ8XW29pFhw=","JpZ+N6odFCyGvIHHDOncR9y/yDp5RC9mjFEPOQa2VRM=","iJzQKqMctbahgbf7qmpqNdQ0t1P+fy4THpe/sChlaI4="],"block_size":4096,"path":"unpacked/common/scripts/external-app/main.js"},{"block_hashes":["8zAHBwOkMONcJtdxjIRXMYcKjmElT7P0JjNX8VFheU0=","4orH7M5LTq2LHMhFIOfQgYD2+nOgKUTQM+665Uo6aO0=","NpRjKjXb5F76YnxMBr8PGrd1b8L7U3va64IlKgPqqtA=","mhrrBZcl2N5K1Kaou188MFOHzu2VthDHvMZItZi+TAo=","B/NSwSJTwO9N10P3803m8IFM7HMJgxTNmpglSuxmKk0=","yu/9reSkB83GeKAXD+iJUaG4vGrrtLD2DBZ5kngZ0eM=","wxDWVtOoTJrWDoKcqbhrckepquS2I19MW0Q1CZ3aMNg=","Um986YJqxIwNTyzlkP+s/f8kovoT3k1XYF5Wy9kkkBo=","5ZWQcStOLO5Eq8HkMTzI9LUMerll/6uWK0/tbHY4EmI=","M40WdknsJ/wpbHavi+tr75o+p6RkfmGfAIcfNOJ/c6o=","5UkDOB0ktehq6AlSS2eF8nJ6TBt87k2Ajqb9d5hpADs=","lieqckojUlBMGTITctvi2PfFI6F64ljb/njTjMBoEEQ=","4vgCBFZQKXkfhlsZbzHSOcG9AuFQgZA/WiT9jDNUJpI=","XNxFWY+Jta6HNf/xIIHmjdPP4qr+XQodu4/O6n4bgGo=","Lpl6xUcycyYiZDexPq2o8kJJKTXt9XKKlxaIU3TEhE8=","N7LSRdpuVHXf5SFcDwr3ySWr6VJJWKwxbcRTMputRpI=","wPJyQwNg2lMK9sdEM3iXcYnf5exyQf+CPGwggWCMHU0=","Dai6v774JtUgW9Bp/fZZ+wlIoxE0wFtNmF/0niiUHIE=","rh9382riyrLa64V6t73i3okwoH9ErWoceaV0TqgNNjU=","w1QUZT6fUSMZbn3c1p4WtjIEx4HsiXsSXPDZY6l0kSU=","jY0CsWaZ61bqq9ZED3L3S9mxHVOnIjKVVr0xZyQ3Jts=","0LC3dPDFH5RnSajQXTirCwn/zGbiZsxTfxeyaNx45dw=","FsybRnArPBn7EJCDy7CtYukymJUakp1kBGqaHpeAXSo=","j62vtYqs7xdAqdW72wfJeOxW9th3DzbomKDxVr5jIys=","xdAqbPqhE6Z0S4nWTUaHSxShT+tCcJixMukeEvZwUCc=","cLa36wbQhdO/t0qPkbVscP2TmH1vJfzEtx5HYmXX6FY=","NZsJv5Pr4/RR/W6qmxxFx2lyi7fpMpAoUaoxZuuqU7Y=","KfgVQ3qT4pgwJN/A9gz/JT8SYbK2UHIUY6H8A41+l8I=","6xBDh96rLkanbKrnO+qYR5ELhYnlPaMFJ2g1ArJFaeg=","HuAFvcjSGuWC4aKfil5b6lS6z7Qi+u/dXmmSqrhMcFg=","jcHBvcki2Y5oWAA7o7P29ZYVTC6KtSP6/eMXHbVL0qg=","Y0qvMy59ApN/+AbcLCN+VCRxRN++1hhLBrsFG3IBQS0=","IEigThiellj+QVZzALSioDZt4bU4Qpw8U4IqizbMhBw="],"block_size":4096,"path":"unpacked/common/scripts/options/main.js"},{"block_hashes":["FFdg8xY3H1cYJxW6MNmTdwLj+mse8Tr7WmbLowsCmVI=","ZnYoJ4yeXStiiEsz7LVtqhcXjlSp6e1TFA7zdcNtrvA=","DD3L46gSykTgo4SPCT3X+3iynmJKZILtFY+DWtleGOY=","ufTlQINNbH5vetuZiHj974k+1n4ywXBfyeo/SgWT630=","/Myu9ss3qjZf5pWA5/1ySetoIkWdNUBYMTDgdjA3LIk=","I5KuDr3mREN42TkGTGqgHyMZRrc95jJrBqVviM2C5RI=","n6R+NQ4MCkYOcKYpsAPFstOjnIfPd3jOSN8ja/84FyI=","FyFcwsjJwKf+Ba0T9vTbkQOS5C/LHLO+6jba6sVAE20=","+mZwTlnivBUtWVUWr3EZLf3UG8CDVf8THidOrjBypew=","NVMkoT8D83dSkBIfropLm1eOJi088BwOY47dmt3yKHc=","QZOfKQ+el6X+kLaxhox1iEawADVEza94jBpLktVFP9w=","BSY8feAMAqmKX2c9kLLRED0DO+KTF40hYUKUDXBFp6o=","+7TT3Gw57XtjjU5rbune/t7nQbA/rBpdZslprNoDSBc=","JWPPVzdtPK0tsmVMOutZ2JuyTm/SLxdBKJNMJOinZwU=","/FAZwbL10zPbSeiPJWySgL1ip/quePxGceEgweQc/oQ=","7e2W/pdvMCgQ0HBSy+UK5gc7NmppHyI0BMZXk7XyMSw=","4Bc4WtWTycInYrg0FSOWiNHNB2g+LnwdP/lrcEZc7/8=","zmr2VKueB5lYMxVNg8HxIiJC3lqfBXoof+wiFskYTqY=","YXVj7Pk1+vi5X21/DRv7hQW5G/d4x7QHPnZrY9Zx0Ys=","czO71q3awshK5HXjVfcx5IDS2v/XTTnimBschJIIi8U=","BL7cqRZOXRLkKQOkrRiorCt3y7sQMo7RJ6vPKz/zib4=","aQdaRDS+0Se4N02LJb7cAVcV/9gJea6Hl7fE4WiW42A=","ZLsFqQGwX999Kr7v9h6248DgpVVQ088Q+FoA88e0Tyw=","OOOxLJBED5pNgQlv3RNogvMBR/mSmtHvm86MskAdl5E=","K8fRneTE7j/L8DnSVO9nq5v1zmKf3eLnwITkqNN8L3Y=","MeOPb4YiISd0ApZ5yoQ1m6VqVYe09tjp8piXmMB1Hng=","sHYcVZaTPe8E9q8YSeKjb0thK3vxXbl7TpvsWJCkrBg=","3AHVe8BYLuAAsX6bM3uT6qd7nPhmkAXz+lj3tS6aQHQ=","KmBV2h6EEpbvp7Y0dykj3XrwgjJrQh+fQGSKeNqpz4w=","J7oelucIewHSwZ/Mfqdqj4cJQ9PMR0ujSlv2dJIELd4=","yOL+ryOQ8fVzqD+AG4zRph8uj2i6ZU+Sm/xGnCxfPrY=","X8QF8dxc17AMmFY2sQY34OiDiKZboucyVZ63wheRdX4=","HUlZMl8IeJiIXRaiMiLWRtnbhqeCcieBIchvh39ejew="],"block_size":4096,"path":"unpacked/common/scripts/popup/main.js"},{"block_hashes":["47DEQpj8HBSa+/TImW+5JCeuQeRkm5NMpJWZG3hSuFU="],"block_size":4096,"path":"white-logo.css"}],"version":2}